conference_key,yt_playlist_id,portfolio_terms,title,start_date,end_date,location,language,wp_match_type,wp_match_id,wp_match_url,action,duplicate_lang_playlists,needs_review,notes,final_action,reviewer
2025-berlin-wolf-paradigm-relations,PLoHwt4KyUk5AQSojSSwzrmY0iiKsy-9SU,,“Man Is Not a Wolf to Man” - For a New Paradigm in International Relations! — Berlin Conference,2025-07-12,2025-07-13,"Berlin, Germany",,post,105075,,create_only,,1,"match score 1: Helga Zepp-LaRouche Raises Nuclear War Danger at Berlin China-Europe C; dates are proposals — fix start/end; alt candidate: id 109737 Berlin Konferenz | 2026-09-28: wp_match 105075 is a DIFFERENT conference (Berlin China-Europe human rights conference, Oct 2024) — wrong date, wrong theme. The matcher's own ""alt candidate"" (post 109737, ""Berlin Konferenz"") is an unpublished draft already set final_type=retire in classification.csv, not a usable landing page either. This conference (31 segmented talks: Ray McGovern, Zhang Weiwei, Helga Zepp-LaRouche, Naledi Pandor and others) has no confirmed WP landing post at all.",edit,mk
2025-2025-memorial-weekend-beautiful,PLoHwt4KyUk5CoOZjiQx8ZzJUx9crewBuB,,A Beautiful Vision for Humanity in Times of Great Turbulence! — Memorial Day Weekend Conference,2025-05-24,2025-05-25,"New York, USA",,post,107277,,create,,1,match score 6: Conference Invitation—A Beautiful Vision for Humanity in Times of Grea; dates are proposals — fix start/end,edit,mk
2024-spirit-beethoven-become-brethren,PLoHwt4KyUk5BuFCwNp09wFxSsuN1HZbrp,,In the Spirit of Schiller and Beethoven: All Men Become Brethren!,2024-12-07,2024-12-08,online,,post,105713,,create,,1,match score 4: Conference: In the Spirit of Schiller and Beethoven: All Men Become Br; dates are proposals — fix start/end,edit,mk
2024-press-danger-nuclear-real,PLoHwt4KyUk5ChmKI_mz2IhgGLpKvQrovy,,"The Danger of Nuclear War Is Real, and Must Be Stopped — Press Conference",2024-06-12,2024-06-12,"Washington, D.C., USA",,post,102742,,create,,1,"match score 5: Emergency Press Conference: The Danger of Nuclear War Is Real, and Mus; dates are proposals — fix start/end",edit,mk
2023-strategic-situation-after-historic,PLoHwt4KyUk5A6e8qKmpq9qQfQhl938kpr,,The Strategic Situation After the Historic BRICS Summit — Panel 1,2023-09-09,2023-09-09,online,,post,92773,,create_only,,1,"match score 1: Schiller-Institut spricht bei BRICS-Forschungskonferenz; dates are proposals — fix start/end | 2026-09-28: post is about a DIFFERENT event: Russian National Committee for BRICS Research's own conference, Oct 25 2022 — not Sept 9 2023. conference-map date is simply wrong.",edit,mk
2023-join-hands-global-majority,PLoHwt4KyUk5Cw0AyJkn5PjjWLC9_akeMK,,Let us Join Hands with the Global Majority To Create a New Chapter in World History!,2023-09-09,2023-09-09,online,,post,98310,,create,,1,match score 8: Conference: Let us Join Hands with the Global Majority To Create a New; dates are proposals — fix start/end,edit,mk
2023-without-development-nations-there,PLoHwt4KyUk5DIAI7N5K8YvBmoEdKcvmSG,,"Without the Development of All Nations, There Can Be No Lasting Peace for the Planet",2023-04-15,2023-04-16,online,,post,96288,,create,,1,"match score 7: Conference: Without the Development of All Nations, There Can Be No La; dates are proposals — fix start/end",edit,mk
2023-february-reason-annihilation-humanity,PLoHwt4KyUk5Dffz7jVAihCnoXT2RCUBRs,,The Age of Reason or the Annihilation of Humanity?,2023-02-04,2023-02-04,online,,post,94709,,create,,1,match score 3: Conference: The Age of Reason or the Annihilation of Humanity?; dates are proposals — fix start/end,edit,mk
2023-january-stop-nato-world,PLoHwt4KyUk5BI_QxL_lMYxjK-L9D6pwIf,,Stop NATO's World War and Dismantle the 'International Assassination Bureau',2023-01-14,2023-01-14,online,,post,92344,,create_only,,1,"match score 2: Conference: For World Peace — Stop the Danger of World War; dates are proposals — fix start/end; alt candidate: id 94644 Conference Invitation: Building an Alternative to  | 2026-09-28: post is about a different, Oct 27 2022 conference (""For World Peace"") with Mexican co-hosts — not the Jan 14 2023 ""Stop NATO"" event. SI reuses similar ""stop the danger of world war"" phrasing across many events, which produced this false match.",edit,mk
2022-2022-stop-danger-nuclear,PLoHwt4KyUk5D1_Z7Zi02Q9kn0Jf7HxdBO,,Stop the Danger of Nuclear War Now,2022-11-22,2022-11-22,online,,post,93027,,create,,1,match score 3: Conference: Stop the Danger of Nuclear War Now; dates are proposals — fix start/end,edit,mk
2022-inspiring-humanity-survive-greatest,PLoHwt4KyUk5DPZ02tyaNkMYYrfNE1VphU,,Inspiring Humanity to Survive the Greatest Crisis in World History,2022-09-10,2022-09-11,online,,post,91162,,create,,1,match score 7: Conference: Inspiring Humanity to Survive the Greatest Crisis in World; dates are proposals — fix start/end,edit,mk
2022-there-peace-without-bankruptcy,PLoHwt4KyUk5DkW-buoxyXM6laxEB0lICI,,There Can Be No Peace Without the Bankruptcy Reorganization of the Dying Trans-Atlantic Financial System,2022-06-18,2022-06-18,online,,post,88412,,create,,1,match score 10: Conference: There Can Be No Peace Without the Bankruptcy Reorganizatio; dates are proposals — fix start/end,edit,mk
2022-april-2022-establish-security,PLoHwt4KyUk5ATvAWizEGiwjFxfmuPUOB1,,For a Conference to Establish a New Security and Development Architecture for All Nations,2022-04-09,2022-04-09,online,,post,85224,,create,,1,match score 5: PETITION: Convoke an International Conference to Establish A New Secur; dates are proposals — fix start/end,edit,mk
2021-mankind-immortal-species,PLoHwt4KyUk5AOO0AlzyiRtLNaJrWIvQjw,,Mankind Must Be the Immortal Species,2021-11-13,2021-11-14,online,,post,81913,,create,,1,match score 3: Conference: All Moral Resources of Humanity Have To Be Called Up: Mank; dates are proposals — fix start/end,edit,mk
2021-june,PLoHwt4KyUk5AM0515zChBYV0dUgTKbyZQ,,"Schiller Institute conference — June 26-27, 2021",2021-06-26,2021-06-27,online,,post,60199,,create_only,,1,"match score 1: June 27 Conference: Will Humanity Prosper, or Perish? The Future Deman; dates are proposals — fix start/end; alt candidate: id 75460 Video: Invitation to the June 26-27 Conference | 2026-09-28: wp_match_id 60199 is NOT this conference (2021-06-26/27) — that post is dated 2020-06-26 and titled ""June 27 Conference...""; its 3 embedded videos are all confirmed under 2020-june-2020-humanity-prosper in video-segmentation.csv (Panel 1/2/3). The 2020 and 2021 events share nearly identical titles/themes (annual ""Four-Power Summit"" series), which produced this false match at score 1. wp_match_id left as-is per guide golden rule 2 (machine column); action set to create_only so the importer ignores it. 2021-june has no confirmed WordPress landing post yet.",edit,mk
2020-september-2020-youth-world,PLoHwt4KyUk5Bs6Bvy1BfO4fDVTqdcccI2,,"The World Has a Choice: Extinction, or Era of LaRouche — Youth Conference",2020-09-26,2020-09-26,online,,post,62768,,create,,1,"match score 5: Youth Conference —The World Has a Choice: Extinction, or Era of LaRouc; dates are proposals — fix start/end",edit,mk
2020-december-2020-world-after,PLoHwt4KyUk5AGynJ1XR-cp5ZMydgLtyZX,,The World after the U.S. Election Creating A World Based on Reason,2020-12-12,2020-12-12,online,,post,65126,,create,,1,match score 9: Conference: The World after the U.S. Election Creating A World Based o; dates are proposals — fix start/end,edit,mk
2021-march-world-crossroad-months,PLoHwt4KyUk5C3NYhozFTLmO4xjBhbr8SU,,WORLD AT A CROSSROAD: Two Months into the New Administration,2021-03-20,2021-03-21,online,,post,60668,,create_only,,1,"match score 1: Schiller Institute Representative Participates in Major China-Arab Wor; dates are proposals — fix start/end; alt candidate: id 73868 Conference: The Moral Collapse of the Trans-Atlant | 2026-09-28: post is about a China-Arab (CASS) webinar, July 10 2020 — an unrelated event.",edit,mk
2020-june-2020-humanity-prosper,PLoHwt4KyUk5DWhMYHEidLO0zeIhq4uzfw,,"Will Humanity Prosper, or Perish?",2020-06-27,2020-06-27,online,,post,60199,,create,,1,"match score 4: June 27 Conference: Will Humanity Prosper, or Perish? The Future Deman; dates are proposals — fix start/end",edit,mk
2020-april-2020,PLoHwt4KyUk5BLyjo-lYI1akY_m95R12QD,,"Schiller Institute Conference — April 25-26, 2020",2020-04-25,2020-04-26,online,,post,58317,,create,,1,"match score 1: Conference: China and the West Face to Face: Rivalry or Cooperation --; dates are proposals — fix start/end | 2026-09-28: wp_match_id 63165 is NOT this conference (2020-04-25/26, no China theme in its own title) — that post is dated 2020-10-13 and is an invitation to a China/West dialogue on 2020-10-21 (see 2020-china-west). Score-1 false match, same shape as 2021-june on post 60199. wp_match_id left as-is per guide golden rule 2 (machine column); action set to create_only so the importer ignores it. 2020-april-2020 has no confirmed WordPress landing post. | 2026-09-28: corrected wp_match to 58317 (de) — title ""Internet-Konferenz des Schiller-Instituts 25. und 26. April 2020"" matches this conference's own dates/mode exactly, and its 33 embedded videos are the German-language set of the same talks already in this playlist (confirmed: ""Dmitrij Polyanskij"" = ""Dmitriy Polyanskiy"" already segmented here, oembed titles checked). 63165 (the earlier, wrong match) is a different conference entirely — see 2020-china-west.",edit,mk
2019-november-2019-soden,PLoHwt4KyUk5DwvYfiV1GzQRoWSdQcxcg8,,"Schiller Institute Conference — November 16-17, 2019 • Bad Soden Conference",2019-11-16,2019-11-17,"Bad Soden, Germany",,post,46936,,create_only,,1,"match score 1: Schiller Institute Conference in Bad Soden: Panel 1; dates are proposals — fix start/end | 2026-09-28: wp_match_id 46936 (""Schiller Institute Conference in Bad Soden: Panel 1"", dated 2018-07-03) is NOT this conference (Nov 2019) — its video is filed under 2018-june-july-conf-soden. Bad Soden hosted conferences in 2017/2018/2019 with near-identical titles, which produced this false match. Own playlist, 8 segmented talks, no confirmed WP landing post.",edit,mk
2019-presidents-national-2019,PLoHwt4KyUk5BkTXvZW6BQzXUop4HiJyrA,,Create a New Epoch for Mankind — Presidents' Day National Conference,2019-02-16,2019-02-16,"New Jersey, USA",,post,62334,,create_only,,1,"match score 1: Internationale Pressemitteilung: Schiller-Institut hält bahnbrechende ; dates are proposals — fix start/end | 2026-09-28: post is about ""Kriegstreiberei bis zum Armageddon"", Sept 5-6 2020 — an unrelated, later event.",edit,mk
2018-paris-november-2018,PLoHwt4KyUk5B2iUesv6EBeBrj6aDYdtbN,,"Schiller Institute Conference — November 6, 2018 • Paris Conference",2018-11-06,2018-11-06,"Paris, France",,page,47150,,create_only,,1,"match score 1: Schiller-Institut Konferenz Bad Soden • 30. Juni - 1. Juli 2018; dates are proposals — fix start/end | 2026-09-28: post is about the Bad Soden conference, June 30-July 1 2018 (Germany), not Paris Nov 6. Note: this post already carries final_type=si_conference in classification.csv, likely covering the same event as 2018-june-july-conf-soden (wp_match 47153) — worth a look for a possible duplicate landing record, separate from this fix.",edit,mk
2018-sept-2018,PLoHwt4KyUk5AqCLdZY4emKBztbJdUfZvj,,"Schiller Institute Conference — Sept. 13, 2018 • NYC conference",2018-09-13,2018-09-13,"New York, USA",,page,48579,,promote,,1,"match score 2: New York City Conference · September 13, 2018; dates are proposals — fix start/end | 2026-09-28: CONFIRMED correct match, not false: post is the conference's own record (embeds its keynote video, ""Schiller Institute Conference, New York City, September 13, 2018"", exact date/city/theme match). classification.csv already sets final_type=si_conference for it independently. action changed create->promote so si:conferences reuses this post instead of creating a second, disconnected si_conference for the same event.",edit,mk
2018-june-july-conf-soden,PLoHwt4KyUk5AJ48ftO4TDRM1GLZ4YmAIe,,"Schiller Institute Conference — June 30-July 1, 2018 • Bad Soden Conference",2018-06-30,2018-07-01,"Bad Soden, Germany",,page,47153,,create,,1,"match score 4: Schiller Institute Conference • Bad Soden • June 30 - July 1, 2018; dates are proposals — fix start/end",edit,mk
2018-april-manhattan-dialogue-three,PLoHwt4KyUk5Azhj6f0_f7M1o3W2o-et59,,"A Dialogue of Three Presidencies — April 7, 2018 • Manhattan Conference",2018-04-07,2018-04-07,"New York, USA",,post,46466,,create_only,,1,no WP match; dates are proposals — fix start/end; match: post 46466 A Dialogue of Three Presidencies; FLAG(mk): action=create_only yet wp_match_type=post id 46466 present — machine-set inconsistency per contract (create_only=no match); verify importer links this record,edit,mk
2017-francais-soden,PLoHwt4KyUk5CcKXHAV1puDAzLISptrBMg,,"Fulfilling the Dream of Mankind - November 25-26, 2017 • Bad Soden Conference [FRANCAIS]",2017-11-25,2017-11-26,"Bad Soden, Germany",,post,46936,,create_only,,1,"match score 1: Schiller Institute Conference in Bad Soden: Panel 1; dates are proposals — fix start/end : SKIPPED - in French, it is unlisted on YT | 2026-09-28: wp_match_id 46936 is 2018-june-july-conf-soden's post (see that key), not this one (Nov 2017). Own playlist, 13 segmented talks, no confirmed WP landing post.",skip,mk
2017-soden-fulfilling-dream-mankind,PLoHwt4KyUk5Diy9gwbA5IL5J4q6SRtEhC,bad-soden-november-2017-de|bad-soden-november-2017-en,"Fulfilling the Dream of Mankind - November 25-26, 2017 • Bad Soden Conference",2017-11-25,2017-11-26,"Bad Soden, Germany",,post,34087,,create_only,,1,"match score 1: Manhattan Conference: Building A World Land-Bridge—Realizing Mankind's; dates are proposals — fix start/end | 2026-09-28: wp_match_id 34087 (""Manhattan Conference: Building A World Land-Bridge..."") is NOT this conference — it is 2016-building-world-land-bridge, confirmed by all 3 of its embedded videos already being segmented under that key (Panel I/II/III). This conference has its own playlist (9 segmented talks) and no confirmed WP landing post.",edit,mk
2017-paris-octobre-2017,PLoHwt4KyUk5Bo6n8EQg2RwP0vBHfLJnS-,paris-24-octobre-2017-fr,"Schiller Institute Conference — October 24, 2017 • Paris Conference",2017-10-24,2017-10-24,"Paris, France",,post,47338,,create_only,,1,"match score 1: Helga Zepp-LaRouche Addresses Institut Mandela Conference in Paris; dates are proposals — fix start/end | 2026-09-28: post is about Zepp-LaRouche addressing the Institut Mandela's OWN conference, July 2018 — not an SI-organized Paris conference on Oct 24 2017.",edit,mk
2017-symposium-aesthetic-education-humanity,PLoHwt4KyUk5Ai3BFCvdyEX__n7Ir0qrQF,,"Symposium: ""The Aesthetic Education of Humanity Through Music"" - Concluding Event of Two Day Tribute to Sylvia Olden Lee",2017-06-30,2017-06-30,"New York, USA",,post,34087,,create_only,,1,"match score 1: Manhattan Conference: Building A World Land-Bridge—Realizing Mankind's; dates are proposals — fix start/end; alt candidate: id 41722 Symposium: ""The Aesthetic Education of Humanity Th | 2026-09-28: wp_match_id 34087 is 2016-building-world-land-bridge's post, not this one (see that key's notes). Own playlist, 11 segmented talks, no confirmed WP landing post.",edit,mk
2017-york-april-2017-china,PLoHwt4KyUk5CfL_UCuxSmmr0hyQNZlZjL,,"US-China Cooperation on the Belt and Road Initiative — April 13-14, 2017 • New York Conference",2017-04-13,2017-04-13,"New York, USA",,page,40985,,create,,1,"match score 6: Schiller Institute Conference in New York: ""U.S.-China Cooperation on ; dates are proposals — fix start/end",edit,mk
2017-april-2017-silk-road,PLoHwt4KyUk5BwAqPwhIq7fOManzE1tOlx,,The New Silk Road: A Global Engineering Renaissance,2017-04-07,2017-04-07,"New York, USA",,post,34087,,create_only,,1,"match score 1: Manhattan Conference: Building A World Land-Bridge—Realizing Mankind's; dates are proposals — fix start/end; alt candidate: id 40985 Schiller Institute Conference in New York: ""U.S.-C | 2026-09-28: wp_match_id 34087 is 2016-building-world-land-bridge's post, not this one (see that key's notes). Own playlist, 7 segmented talks, no confirmed WP landing post.",edit,mk
2016-lyon,PLoHwt4KyUk5B9vdWLhwX2Xhvz6EzpdUti,,"Schiller Institute Conference — October 19, 2016 • Lyon conference",2016-10-19,2016-10-19,"Lyon, France",,post,37397,,create_only,,1,match score 1: Erfolgreiche Konferenz des Schiller-Instituts in Lyon und Essen: Europ; dates are proposals — fix start/end | 2026-09-22: wp_match_id 37397 is NOT this conference’s landing page — that post is a German report on Lyon AND Essen whose 11 videos are all Essen’s (none appear in this playlist). wp_match_id left as-is per guide golden rule 2 (machine column); action set to create_only so the importer ignores it. Lyon has no WordPress landing post: post 37397 is the only 2016 post in the archive mentioning Lyon or Essen.,edit,mk
2016-york-september-2016-memorial,PLoHwt4KyUk5AvXR3_tS4UPU23Or57yXQ5,,"9/11 Memorial Conference — September 10, 2016 • New York Conference",2016-09-10,2016-09-10,"New York, USA",,post,34132,,create_only,,1,"match score 1: Landbrücken-Konferenz des Schiller-Instituts in New York; dates are proposals — fix start/end; alt candidate: id 34203 Conference Berlin 2016 June 25-26 | 2026-09-28: post is the German trid-sibling (trid 18050) of post 34087, already correctly resolved to 2016-building-world-land-bridge — it reports on the April 2016 Land-Bridge conference, not a September 9/11 memorial event.",edit,mk
2016-building-world-land-bridge,PLoHwt4KyUk5C3-7hLu5IC0PZq3-ec2Kka,,Building a World Land-Bridge: Realizing Mankind's True Humanity — April 2016 • New York,2016-04-21,2016-04-21,"New York, USA",,post,34087,,create,,1,match score 9: Manhattan Conference: Building A World Land-Bridge—Realizing Mankind's; dates are proposals — fix start/end,edit,mk
2016-musical-dialogue-cultures-berlin,PLoHwt4KyUk5B54ewD08Z4ZUH-D3WkPgBq,,"A Musical Dialogue of Cultures — June 25, 2016 • Berlin Conference",2016-06-25,2016-06-25,"Berlin, Germany",,page,34203,,create,,1,"match score 2: Conference Berlin 2016 June 25-26; dates are proposals — fix start/end | 2026-09-28: merged into 2016-berlin-june-2016-creating — confirmed 2026-09-28: same conference (Berlin, June 25-26 2016) in EN/FR/DE, plus its cultural/musical evening — 12-16 shared speakers per language pair in their own segmented talks (Alain Gachet, Jacques Cheminade, Helga Zepp-LaRouche, Hussein Askary and others), same dates, same city. Found by tools/day3-conference-dedupe-scan.py.",skip,mk
2016-internationale-berlin-juin-2016,PLoHwt4KyUk5BoCPR6750Eh-_mxhkzQVrF,,Conférence internationale Berlin — 25 et 26 juin 2016,2016-06-25,2016-06-26,"Berlin, Germany",fr,page,34203,,create,,1,"match score 2: Conference Berlin 2016 June 25-26; dates are proposals — fix start/end : in French | 2026-09-28: merged into 2016-berlin-june-2016-creating — confirmed 2026-09-28: same conference (Berlin, June 25-26 2016) in EN/FR/DE, plus its cultural/musical evening — 12-16 shared speakers per language pair in their own segmented talks (Alain Gachet, Jacques Cheminade, Helga Zepp-LaRouche, Hussein Askary and others), same dates, same city. Found by tools/day3-conference-dedupe-scan.py.",skip,mk
2016-internationale-konferenz-berlin-juni,PLoHwt4KyUk5Bh6p1wNnnKM0gRYw_8cSRR,,Internationale Konferenz in Berlin — 25-26. Juni 2016,2016-06-25,2016-06-26,"Berlin, Germany",de,page,25933,,create,,1,"match score 2: Berlin Konferenz; dates are proposals — fix start/end; alt candidate: id 34203 Conference Berlin 2016 June 25-26 : in German | 2026-09-28: merged into 2016-berlin-june-2016-creating — confirmed 2026-09-28: same conference (Berlin, June 25-26 2016) in EN/FR/DE, plus its cultural/musical evening — 12-16 shared speakers per language pair in their own segmented talks (Alain Gachet, Jacques Cheminade, Helga Zepp-LaRouche, Hussein Askary and others), same dates, same city. Found by tools/day3-conference-dedupe-scan.py.",skip,mk
2016-berlin-june-2016-creating,PLoHwt4KyUk5DQMi_zX-35YR5AcB5P4-dX,berlin-june-2016-de|berlin-june-2016-de-fr|berlin-june-2016-en|berlin-june-2016-en-de|berlin-june-2016-en-fr|berlin-june-2016-fr,"Creating A Common Future For Mankind And A Renaissance Of Classical Culture — June 25-26, 2016 • Berlin Conference",2016-06-25,2016-06-26,"Berlin, Germany",,page,34203,,create,PLoHwt4KyUk5BoCPR6750Eh-_mxhkzQVrF|PLoHwt4KyUk5Bh6p1wNnnKM0gRYw_8cSRR|PLoHwt4KyUk5B54ewD08Z4ZUH-D3WkPgBq,1,"match score 3: Conference Berlin 2016 June 25-26; dates are proposals — fix start/end | 2026-09-28: absorbed 3 fragment row(s) (2016-internationale-berlin-juin-2016, 2016-internationale-konferenz-berlin-juni, 2016-musical-dialogue-cultures-berlin) — confirmed 2026-09-28: same conference (Berlin, June 25-26 2016) in EN/FR/DE, plus its cultural/musical evening — 12-16 shared speakers per language pair in their own segmented talks (Alain Gachet, Jacques Cheminade, Helga Zepp-LaRouche, Hussein Askary and others), same dates, same city. Found by tools/day3-conference-dedupe-scan.py.",edit,mk
2016-francisco-june-2016-strategic,PLoHwt4KyUk5Cf8zmKh6qanOqoFeXDf0T1,,"Schiller Institute Strategic Seminar: ""Will the U.S. Join the New Silk Road?"" — June 8, 2016 • San Francisco Conference",2016-06-08,2016-06-08,"San Francisco, USA",,page,34203,,create_only,,1,"match score 2: Conference Berlin 2016 June 25-26; dates are proposals — fix start/end | 2026-09-28: wp_match page 34203 is the Berlin June 25-26 2016 conference page (see 2016-berlin-june-2016-creating), not this one — San Francisco, June 8, a different city and date entirely. Own playlist, 5 segmented talks, no confirmed WP landing page. Found alongside the Berlin merge by tools/day3-conference-dedupe-scan.py / day3-conference-risk-scan.py.",edit,mk
2015-paris-juin-2015,PLoHwt4KyUk5AlUKhGlU7z1dqj9XBCPtHa,paris-2015|paris-2015-2|paris-2015-de|paris-2015-zh-hans|paris-conference-2015-en|paris-conference-2015-en-de|paris-conference-2015-en-fr|paris-konferenz-2015-de,Conférence de Paris - 13 et 14 juin 2015,2015-06-13,2015-06-14,"Paris, France",fr,page,29572,,create,,1,"match score 2: Schiller Institute Conference  •  Paris  •  June 13th, 14th 2015; dates are proposals — fix start/end; alt candidate: id 29601 Conférence de Paris • 13 et 14 juin 2015 : in French",skip,mk
2015-neue-seidenstra-beginn-einer,PLoHwt4KyUk5D5QI_eADJoeof22QCELv7e,,"""Die Neue Seidenstraße - Beginn einer weltweiten Renaissance"" -- Konferenz in Berlin am 28. März 2015",2015-03-28,2015-03-28,"Berlin, Germany",de,post,19579,,create,,1,match score 3: Seidenstraßenkonferenz in Beijing: Helga Zepp-LaRouche spricht über Pr; dates are proposals — fix start/end; alt candidate: id 25933 Berlin Konferenz,edit,mk
2014-england-december-2014,PLoHwt4KyUk5DnGSoabI7MQJKrqjbe2nce,new-england-conference-dec-7-2014,"Schiller Institute Conference — December 7, 2014 • New England Conference",2014-12-07,2014-12-07,"Quincy, USA",,page,23630,,promote,,1,"match score 2: New England Conference - Dec. 7th, 2014 - The U.S. Must Join the BRICS; dates are proposals — fix start/end | 2026-09-28: CONFIRMED correct match: post is an on-topic, substantial report matching this conference's date/location/theme exactly (""New England Conference...Dec 7th 2014...US Must Join the BRICS""). It stays an ordinary page in classification.csv (final_type blank), so nothing else will ever connect it to its own conference unless action=promote.",edit,mk
2014-frankfurt-october-2014-30th,PLoHwt4KyUk5BFurDWz5mCHy8kU83q-dyN,francfort-octobre-2014-fr|francfort-octobre-2014-fr-de|francfort-octobre-2014-fr-en|frankfurt-2014-ru-october|frankfurt-october-2014|frankfurt-silk-road-china-lunar-conference-2014|frankfurt-silk-road-china-lunar-conference-2014-de|frankfurt-silk-road-china-lunar-conference-2014-fr,"30th Anniversary of Schiller Institute - The New Silk Road and China's Lunar Program —  October 18, 2014 • Frankfurt  Conference",2014-10-18,2014-10-19,"Frankfurt, Germany",,page,19952,,create,,1,"match score 5: 30th Anniversary Conference  •  Frankfurt  •  October 18th, 2014; dates are proposals — fix start/end",edit,mk
2013-angeles-november-2013-second,PLoHwt4KyUk5DHRySGYxUgYPDBeSf4zhd0,los-angeles,"The Second American Revolution - Developing the Pacific and Ending the Grip of Empire — November 2, 2013 • Los Angeles Conference",2013-11-02,2013-11-02,"Los Angeles, USA",,page,3826,,create,,1,"match score 3: Los Angeles Conference • November 2nd, 2013; dates are proposals — fix start/end",edit,mk
2013-frankfurt-april-2013-attaining,PLoHwt4KyUk5BNBJ_NtTruKKOFuDWjMgRl,%d1%84%d1%80%d0%b0%d0%bd%d0%ba%d1%84%d1%83%d1%80%d1%82-%d0%b0%d0%bf%d1%80%d0%b5%d0%bb%d1%8f-2013-%d0%b3|francfort-abril-de-2013|francfort-avril2013|francfort-avril2013-panel1|frankfurt-april-2013|frankfurt-april-2013-fr,"Attaining Freedom through Necessity - The Last Chance for Humanity — April 13-14, 2013 • Frankfurt Conference",2013-04-13,2013-04-14,"Frankfurt, Germany",,page,2814,,create,,1,"match score 3: Frankfurt Conference • April 13 - 14, 2013; dates are proposals — fix start/end",edit,mk
2013-virginia-march-2013-30th,PLoHwt4KyUk5AEE8jRv1D5RymHH7pe1NLz,sterling-conferencia-ee-uu-marzo-2013|sterling-sdi2013|sterling-sdi2013-de,"30th Anniversary of SDI & Strategic Defense of Earth — March 23, 2013 • Virginia Conference",2013-03-23,2013-03-23,"Virginia, USA",,page,2703,,create,,1,"match score 4: SDI 30th Anniversary Conference • March 23, 2013; dates are proposals — fix start/end",edit,mk
2013-konferenz-york-januar-2013,PLoHwt4KyUk5CAClgFOTY1XtU2aL5dUV1w,,Konferenz in New York • 26. Januar 2013,2013-01-26,2013-01-26,"New York, USA",de,page,2322,,create,,1,"match score 4: Konferenz in New York • 26. Januar, 2013; dates are proposals — fix start/end : in German | 2026-09-28: merged into 2013-york-january-2013-paradigm — confirmed 2026-09-28: same conference (Riverside Church, New York, Jan 26 2013) — both wp_match pages (2086 EN, 2322 DE) are word-for-word translations of the same report (""A New Paradigm to Save Mankind"" / ""Ein neues Paradigma zur Rettung der Menschheit"", same 300 attendees, same Bach ""Magnificat"" performance). Found by tools/day3-conference-dedupe-scan.py.",skip,mk
2013-york-january-2013-paradigm,PLoHwt4KyUk5BJEpEMcQhl4UitRFQW36nR,ny20130126|nyc20130126,"A New Paradigm to Save Mankind — January 26, 2013 • New York Conference",2013-01-26,2013-01-26,"New York, USA",,page,2086,,create,PLoHwt4KyUk5CAClgFOTY1XtU2aL5dUV1w,1,"match score 3: New York Conference • January 26, 2013; dates are proposals — fix start/end | 2026-09-28: absorbed 1 fragment row(s) (2013-konferenz-york-januar-2013) — confirmed 2026-09-28: same conference (Riverside Church, New York, Jan 26 2013) — both wp_match pages (2086 EN, 2322 DE) are word-for-word translations of the same report (""A New Paradigm to Save Mankind"" / ""Ein neues Paradigma zur Rettung der Menschheit"", same 300 attendees, same Bach ""Magnificat"" performance). Found by tools/day3-conference-dedupe-scan.py.",edit,mk
2013-rescuing-civilization-brink,PLoHwt4KyUk5AsnNx7nycEuDeZdk_M8QjU,,Rescuing Civilization from the Brink,2013-07-02,2013-07-03,"Rüsselsheim, Germany",,none,,,create_only,,1,no WP match; dates are proposals — fix start/end; candidates: page 2086 (NY Jan 26 2013) or 2703 (30th Anniv Mar 23 2013) — team pick,edit,mk
2012-interviews-2012-germany,PLoHwt4KyUk5BfvfBdUdrOsCoh8iPsNd-s,,"""Interviews"" - Schiller Institute Conference — November 24, 2012 • Flörsheim Conference",2012-11-24,2012-11-24,"Flörsheim, Germany",,page,922,,create,,1,"match score 1: International Conference • November 24-25, 2012; dates are proposals — fix start/end | 2026-09-28: merged into 2012-11-24-floersheim-intl-conference — confirmed 2026-09-28: same conference (Flörsheim, Nov 24-25 2012) — the folded key is a German interview reel recorded at the same event (Daniel Estulin appears both interviewed and as a main-programme speaker). Found by tools/day3-conference-dedupe-scan.py.",skip,mk
2023-07-08-strasbourg-european-conference,,,"On the Verge of a New World War: ""European Nations Must Cooperate with the Global South!""",2023-07-08,2023-07-09,"Strasbourg, France",,post,97527,,create,,1,added for the 13 per-talk text posts (97463-97916) reclassified si_presentation; no YT playlist found,edit,mk
2012-11-24-floersheim-intl-conference,PLoHwt4KyUk5B24XjIcpmjlkX9UyhKjfN-,2012-2|2012-2-ru|conference2012-2|conference2012-3|conference201211|konferenz2012|thema-1|thema-2|thema-3|thema-4,"A New Paradigm for the Survival of Civilization — November 24-25, 2012 • Flörsheim Conference",2012-11-24,2012-11-25,"Flörsheim, Germany",,page,922,,create,PLoHwt4KyUk5BfvfBdUdrOsCoh8iPsNd-s,1,"merged 4 panel/theme playlists; translations: DE page 1489, FR 1730, RU 1855; portfolio group conference201211; DE Thema playlists merged in | 2026-09-28: absorbed 1 fragment row(s) (2012-interviews-2012-germany) — confirmed 2026-09-28: same conference (Flörsheim, Nov 24-25 2012) — the folded key is a German interview reel recorded at the same event (Daniel Estulin appears both interviewed and as a main-programme speaker). Found by tools/day3-conference-dedupe-scan.py.",edit,mk
2013-san-francisco-june,,san-francisco-2013,San Francisco Conference 2013,2013-06-29,2013-06-29,"San Francisco, USA",,none,,,create_only,,1,portfolio-only; date approximate — team verify,edit,mk
2014-new-york-30th-anniversary,,30th-anniversary-new-york-2014,"30th Anniversary Conference: ""It's Time to Create a World without War"" — June 15, 2014 • New York Conference",2014-06-15,2014-06-15,"New York, USA",,page,4785,,create_only,,1,portfolio-only; matches conference page 4785; also parents the 9 per-speaker posts (5034-5089); FLAG(mk): action=create_only yet wp_match_type=page id 4785 present — machine-set inconsistency per contract (create_only=no match); verify importer links this record,edit,mk
2016-essen,,,Essen: „Win-Win“ für Deutschland mit der Neuen Seidenstraße,2016-10-21,2016-10-21,"Essen, Germany",de,post,37397,/blog/2016/10/27/erfolgreiche-konferenzen-des-schiller-instituts-lyon-und-essen-europa-mus-die-chancen-der-neuen-seidenstrase-ergreifen/,create,,1,"added 2026-09-22 from post 37397: ""Konferenz des Schiller-Instituts, die am 21. Oktober im Essener „Haus der Technik“ stattfand"". No YouTube playlist exists — the 11 recordings are embedded in post 37397 only, and 4 of them are now PRIVATE on YouTube (checked 2026-09-22). Programme PDF: Schiller-Institut-Konferenz-Essen-Oktober-2016.pdf. Title is the post’s own section heading, not composed. Speakers named in the body: Zhang Junhui (Gesandter, chin. Botschaft Berlin), Helga Zepp-LaRouche, Jacques Cheminade, Dieter Ameling, Reinhart Poprawe, Mehreteab Mulugeta Haile, Reinhold Meisinger.",edit,mk
2020-china-west,,,China and the West Face to Face: Rivalry or Cooperation,2020-10-21,2020-10-21,online,,post,63165,/blog/2020/10/13/china-and-the-west-face-to-face-rivalry-or-cooperation-october-21-2020/,create,,1,"added 2026-09-28 from post 63230 (de): ""Cátedra China und das Schiller-Institut veranstalteten am 21. Oktober einen internationalen Online-Dialog"". No YouTube playlist exists — the 6 talks are embedded in post 63230 only. Co-hosted with Cátedra China (Madrid). Simultaneous EN/ES interpretation per post 63165 (en, the pre-event invitation). wp_match_id set to 63165 (the invitation, matched by the original score-1 pass); post 63230 (de, the recap) carries the actual programme and all 6 recordings — both attach to this key. Moderator: Rosa Cervera, President of Cátedra China, architect, professor at Universidad de Alcalá de Henares (Madrid).",edit,mk
2018-berlin-felix-yemen,,,"""Felix Yemen"" instead of Genocide — Berlin Seminar",2018-10-13,2018-10-13,"Berlin, Germany",,post,48943,/blog/2018/10/25/seminar-in-berlin-felix-jemen-statt-volkermord/,create,,1,"added 2026-09-28 from post 48943: co-hosted with INSAN for Human Rights and Peace, ""organized a successful seminar on the situation in Yemen on 13th October [2018]"". No YouTube playlist exists — 8 recordings embedded in this post only.",edit,mk
2019-berlin-belt-road-west-asia,,,The Role of the Belt & Road in Peace and Stability in West Asia & Africa — Berlin Seminar,2019-08-29,2019-08-29,"Berlin, Germany",,post,55610,/blog/2019/09/04/schiller-institute-seminar-the-role-of-the-belt-road-in-peace-and-stability-in-west-asia-africa/,create,,1,"added 2026-09-28 from posts 55610 (en) and 55839 (de), both reporting on the same seminar, Berlin, Aug 29 2019 — ""45 people attended"". Both posts embed the identical 8 video ids (not a language-dub pair, the same recordings linked twice). No YouTube playlist exists.",edit,mk
2019-nyc-apollo-50,,,APOLLO +50 — New York Conference,2019-07-20,2019-07-20,"New York, USA",,post,54861,/blog/2019/07/09/conference-apollo-50/,create,,1,"added 2026-09-28 from post 54861: ""Saturday, July 20, 2019, 1 PM - 5 PM New York City"". No YouTube playlist exists — 5 recordings (full conference + individual talks) embedded in this post only.",edit,mk
2020-sept-war-drive-armageddon,,,War Drive Towards Armageddon — Or a New Paradigm Among Sovereign Nations United by the Common Aims of Mankind?,2020-09-05,2020-09-06,online,,post,61582,/blog/2020/08/13/conference-war-drive-towards-armageddon-or-a-new-paradigm-among-sovereign-nations-united-by-the-common-aims-of-mankind/,create,,1,"added 2026-09-28 from post 61582 (en) / 61731 (de, same trid 21562): 4 panels, ""P-5 Summit... Saturday/Sunday EDT"" — the international press release for this event (post 62334) was already in conference-map, wrongly matched to 2019-presidents-national-2019 and corrected to create_only; that post has since dropped out of the review queue (0 independent evidence) but is the same event. No YouTube playlist exists.",edit,mk
2025-paris-africa-emancipation,,,"The Emancipation of Africa and the World Majority, A Challenge for Europe",2025-11-08,2025-11-09,"Paris, France",,post,112952,/blog/2025/11/07/live-nov-8-9-international-conference-the-emancipation-of-africa-and-the-world-majority-a-challenge-for-europe/,create,,1,"added 2026-09-28 from posts 112952 (en) and 112810 (de, trid 160412): co-hosted with Solidarité et Progrès, 6 panels across 2 days (13th arrondissement Sat, Clichy-la-Garenne Sun) — ""simultaneously translated into French, English, Spanish..."". No YouTube playlist exists.",edit,mk
2024-oasis-plan,,,The Oasis Plan: The LaRouche Solution for Peace Through Development,2024-04-13,2024-04-13,online,,post,101802,/blog/2024/04/13/conference-the-oasis-plan-the-larouche-solution-for-peace-through-development-between-israelis-and-palestinians-and-throughout-southwest-asia/,create,,1,"added 2026-09-28 from post 101802: 2 panels, ""Creating the Conditions for Dialogue, Security, Peace, and Development"" / ""The Oasis Plan, The Physical Foundation for Economic Development"". Referenced as the originating event by two later, distinct 2024 conferences (Copenhagen seminar May 14, Westphalian Peace internet conference June 15-16) not yet added. No YouTube playlist exists.",edit,mk
2026-berlin-end-colonialism,,,The End of 500 Years of Colonialism — For a Dialogue of Civilizations,2026-05-30,2026-05-31,"Berlin, Germany",,post,116781,/blog/2026/06/01/the-end-of-500-years-of-colonialism/,create,,1,"added 2026-09-28 from post 116781 (en, the announcement), also reported on by post 116981 (""video summaries""). International in-person conference. No YouTube playlist exists.",edit,mk
2021-larouche-legacy-economics-seminar,,,"So, Are You Finally Willing to Learn Economics? — 50th anniversary of LaRouche’s Aug 15 1971 forecast",2021-08-14,2021-08-14,online,,post,76576,/blog/2021/07/10/larouche-legacy-foundation-veranstaltet-internetseminar-sind-sie-endlich-bereit-etwas-uber-wirtschaft-zu-lernen/,create,,1,"added 2026-09-28 from post 76576 (de); trid-sibling 76466 (en) carries no videos of its own. LaRouche Legacy Foundation, not Schiller Institute directly, but the same content pipeline. No YouTube playlist exists.",edit,mk
2022-latam-legislators-seminar,,,Seminar of Current and Former Legislators of Latin America and the Caribbean — Stop the War Before It Is Too Late,2022-10-07,2022-10-07,online,,post,91927,/blog/2022/10/06/live-event-friday-oct-7-stop-the-war-before-it-is-too-late-eliminate-the-root-causes-of-the-danger-of-war/,create,,1,"added 2026-09-28 from post 91927 (en, trid-sibling 91937 de). Zoom seminar, EN/ES streams. Speakers named in source: Helga Zepp-LaRouche, Jorge Robledo, Dr. Kirk Meighoo, María de los Ángeles Huerta, Diane Sare, Dr. Rodolfo Ondarza. No YouTube playlist exists.",edit,mk
2026-march-world-citizens-emergency,,,Emergency Zoom Conference of the Movement of World Citizens — Epstein and the Bottomless Depravity of the “Elites”,2026-03-02,2026-03-02,online,,post,114754,/blog/2026/02/13/emergency-zoom-conference-of-the-movement-of-world-citizens/,create,,1,"added 2026-09-28 from post 114754 (en, trid-sibling 114707 de). 2 panels, named speakers incl. Helga Zepp-LaRouche, Zhang Weiwei, Donald Ramotar, Diane Sare. Follows a Jan 12 2026 EIR roundtable the post also references but which is not itself added here. No YouTube playlist exists.",edit,mk
2022-100-seconds-midnight,,,100 Seconds to Midnight on the Doomsday Clock — We Need a New Security Architecture,2022-02-19,2022-02-19,online,,post,85122,/blog/2022/02/18/conference-100-seconds-to-midnight-on-the-doomsday-clock-we-need-a-new-security-architecture/,create,,1,"added 2026-09-28 from post 85122 (en); post 84720 (de) reports on the same event, identical 2 embedded videos. International Schiller Institute/ICLC. No YouTube playlist exists.",edit,mk
2022-build-paradigm-green-fascism,,,"Build the New Paradigm, Defeat Green Fascism",2022-10-15,2022-10-15,"New York, USA",,post,92183,/blog/2022/10/14/conference-build-the-new-paradigm-defeat-green-fascism/,create,,1,"added 2026-09-28 from post 92183 (en); post 92168 (de) reports on the same event, identical 2 embedded videos. Presence and online conference, NYC. No YouTube playlist exists.",edit,mk
2024-copenhagen-oasis-seminar,,,Copenhagen Diplomatic Seminar: Stop the Killing and Start Rebuilding Gaza and the Region with the Oasis Plan,2024-05-14,2024-05-14,"Copenhagen, Denmark",,post,102380,/blog/2024/05/14/copenhagen-diplomatic-seminar-stop-the-killing-and-start-rebuilding-gaza-and-the-region-with-the-oasis-plan-the-larouche-solution-for-peace-through-development/,create,,1,"added 2026-09-28 from post 102380 (en, trid-sibling 102650 de, no videos of its own); follow-up to 2024-oasis-plan (Apr 13 2024). Speakers: Helga Zepp-LaRouche, H.E. Prof. Dr. Manuel Hassassian (Palestinian Amb. to Denmark), Hussein Askary. No YouTube playlist exists.",edit,mk
2024-westphalian-peace,,,Die Welt am Abgrund: Für einen neuen Westfälischen Frieden!,2024-06-15,2024-06-16,online,,post,102595,/blog/2024/05/28/internetkonferenz-des-schiller-instituts-die-welt-am-abgrund-fur-einen-neuen-westfalischen-frieden/,create,,1,"added 2026-09-28 from post 102595 (de). International internet conference, 4 panels; 3 embedded videos map to Panels 1-3, Panel 4 discussed in text with no video embedded. Extensive speaker list incl. Chas Freeman, Alain Corvez, Rainer Rupp, Jacques Cheminade, Donald Ramotar, Michele Geraci. Follow-up to 2024-oasis-plan. No YouTube playlist exists.",edit,mk
2022-oct-second-seminar-elected-officials,,,Second Seminar of Active and Former Elected Officials of the World — Stop the Danger of Nuclear War,2022-10-27,2022-10-27,"Mexico City, Mexico",,post,92344,/blog/2022/10/25/conference-for-world-peace-stop-the-danger-of-world-war/,create,,1,"added 2026-09-28 from post 92344 (en) and 92217 (de, trid-sibling of neither but same event confirmed — both embed the identical video EPzf4bpsrko, and 92217's own body names ""Zweites Seminar... Ort: Konferenzraum E, Abgeordnetenkammer, Mexiko-Stadt""). Hosts: Helga Zepp-LaRouche, Benjamín Robles Montoya (Mexican Congressman), María de los Ángeles Huerta. No YouTube playlist exists.",edit,mk
2022-may-security-architecture,,,"We Need a New Security and Development Architecture for All Nations, Not a Strengthening of Geopolitical Blocs",2022-05-25,2022-05-25,online,,post,87891,/blog/2022/05/25/conference-us-and-european-military-and-security-experts-warn/,create,,1,"added 2026-09-28 from posts 87659 (de), 87866 (en), 87891 (en) — none share a trid but all describe the same May 25 2022 event (87659/87891 embed the identical video 8Dt9D_D_U4U). Distinct from 2022-april-2022-establish-security (the earlier Apr 9 2022 petition this seminar follows up on). No YouTube playlist exists.",edit,mk
2021-moral-collapse-transatlantic-world,,,The Moral Collapse of the Trans-Atlantic World Cries Out for a New Paradigm,2021-05-08,2021-05-08,online,,post,73899,/blog/2021/05/08/konferenz-der-moralische-bankrott-der-transatlantischen-welt-schreit-nach-einem-neuen-paradigma/,create,,1,"added 2026-09-28 from post 73899 (de, trid-sibling 73868 en, neither carries its own video). Post 74254 explicitly carries ""Auszüge aus der ... Konferenz ... 8. Mai 2021"" (excerpts from this conference) with 4 embedded videos — the only video record of this event. No YouTube playlist exists.",edit,mk
2022-nov-third-seminar-elected-officials,,,Third Seminar of Political and Social Leaders of the World — Stop the Danger of Nuclear War Now,2022-11-22,2022-11-22,"Mexico City, Mexico",,post,92463,/blog/2022/11/01/stoppt-die-atomkriegsgefahr-jetzt-drittes-seminar-der-politischen-und-sozialen-fuhrer-der-welt/,create,,1,"added 2026-09-28 from post 92463 (de): ""Drittes Seminar der politischen und sozialen Führer der Welt"", Nov 22 2022, Chamber of Deputies Mexico City + Zoom. Same series as 2022-oct-second-seminar-elected-officials (Oct 27 2022), a later iteration. The post links video statements from 28 individual speakers (each inside an <a> tag, so counted as citations not embeds by the sweep) — not individually added to video-segmentation.csv given the scale; the roster is preserved in the post body itself. No YouTube playlist exists.",edit,mk
