person_key,canonical_name,qid,wd_label,wd_description,image_file,image_url,thumb_url,licence,artist,attribution,commons_page,confidence,corroboration,final_action,reviewer,notes
john-scales-avery,John Scales Avery,Q6256824,John Scales Avery,American chemist,,,,,,,,no-image,,,,Wikidata item has no P18 image
antonino-zichichi,Antonino Zichichi,Q574317,Antonino Zichichi,Italian nuclear physicist (1929-2026),Antoninozichichi.jpg,https://upload.wikimedia.org/wikipedia/commons/5/58/Antoninozichichi.jpg?utm_source=commons.wikimedia.org&utm_campaign=imageinfo&utm_content=original,https://thumb.wikimedia.org/wikipedia/commons/thumb/5/58/Antoninozichichi.jpg/500px-Antoninozichichi.jpg?utm_source=commons.wikimedia.org&utm_campaign=imageinfo&utm_content=thumbnail,CC BY-SA 3.0,Gabriella Clare Marino Gcmarino,Gabriella Clare Marino Gcmarino / CC BY-SA 3.0 / via Wikimedia Commons,https://commons.wikimedia.org/wiki/File:Antoninozichichi.jpg,name-only,,,,name matched but nothing corroborated it — CHECK BY EYE
alfheidur-ingadottir,Álfheidur Ingadóttir,Q250619,Álfheiður Ingadóttir,Icelandic politician,Álfheiður Ingadóttir.jpg,https://upload.wikimedia.org/wikipedia/commons/4/41/%C3%81lfhei%C3%B0ur_Ingad%C3%B3ttir.jpg?utm_source=commons.wikimedia.org&utm_campaign=imageinfo&utm_content=original,https://thumb.wikimedia.org/wikipedia/commons/thumb/4/41/%C3%81lfhei%C3%B0ur_Ingad%C3%B3ttir.jpg/500px-%C3%81lfhei%C3%B0ur_Ingad%C3%B3ttir.jpg?utm_source=commons.wikimedia.org&utm_campaign=imageinfo&utm_content=thumbnail,CC BY-SA 3.0,Copyrightholder is the Left-Green movement,Copyrightholder is the Left-Green movement / CC BY-SA 3.0 / via Wikimedia Commons,https://commons.wikimedia.org/wiki/File:%C3%81lfhei%C3%B0ur_Ingad%C3%B3ttir.jpg,name-only,,,,name matched but nothing corroborated it — CHECK BY EYE
sebastien-perimony,Sébastien Périmony,Q127277600,Sébastien Perimony,,,,,,,,,no-image,,,,Wikidata item has no P18 image
mana-boubakari,Mana Boubakari,,,,,,,,,,,no-match,,,,no Wikidata search hit
paul-bonnenfant,Paul Bonnenfant,Q55999612,Paul Bonnenfant,photographer,,,,,,,,no-image,,,,Wikidata item has no P18 image
kelvin-kemm-ph-d,Kelvin Kemm,,,,,,,,,,,no-match,,,,no Wikidata search hit
ben-greenspan-m-d,Ben Greenspan,Q125218532,Ben Greenspan,American baseball coach,,,,,,,,no-image,description~affiliation: american,,,Wikidata item has no P18 image
felipe-maruf-quintas,Felipe Maruf Quintas,,,,,,,,,,,no-match,,,,no Wikidata search hit
michel-cibot,Michel Cibot,,,,,,,,,,,no-match,,,,no Wikidata search hit
georgy-toloraya,Georgy Toloraya,Q18278779,Georgy Toloraya,Russian diplomat,,,,,,,,no-image,"citizenship=Russia; description~affiliation: diplomat, russian",,,Wikidata item has no P18 image
robert-cushing,Robert Cushing,Q27949803,Robert Cushing,American politician,Renny Cushing 16153731734.jpg,https://upload.wikimedia.org/wikipedia/commons/7/7b/Renny_Cushing_16153731734.jpg?utm_source=commons.wikimedia.org&utm_campaign=imageinfo&utm_content=original,https://upload.wikimedia.org/wikipedia/commons/7/7b/Renny_Cushing_16153731734.jpg?utm_source=commons.wikimedia.org&utm_campaign=imageinfo&utm_content=thumbnail_unscaled,CC BY 2.0,moveon,moveon / CC BY 2.0 / via Wikimedia Commons,https://commons.wikimedia.org/wiki/File:Renny_Cushing_16153731734.jpg,confirmed,citizenship=United States,,,
kiran-karnik,Kiran Karnik,Q6414806,Kiran Karnik,Indian banker,"Kiran Karnik speaking at a seminar on ‘Transforming Asian Economies with E-services’ at 39th Annual General Body meeting of ADB, at Hyderabad on May 3, 2006.jpg",,,GODL-India,,,,unfree,citizenship=India; description~affiliation: indian,,,licence did not parse as free — dropped
david-monyae,David Monyae,,,,,,,,,,,no-match,,,,no Wikidata search hit
ruben-guzzetti,Rubén Guzzetti,,,,,,,,,,,no-match,,,,no Wikidata search hit
franco-battaglia,Franco Battaglia,Q93232720,Franco Battaglia,,,,,,,,,no-image,citizenship=Italy,,,Wikidata item has no P18 image
prof-nbsp-steve-starr,Steve Starr,Q28946888,Steve Starr,animator,,,,,,,,no-image,,,,Wikidata item has no P18 image
dr-nbsp-chandra-muzzaffar,Chandra Muzzaffar,,,,,,,,,,,no-match,,,,no Wikidata search hit
sian-bloor,Sian Bloor,,,,,,,,,,,no-match,,,,no Wikidata search hit
harry-bury,Harry Bury,,,,,,,,,,,no-match,,,,no Wikidata search hit
abbey-makoe,Abbey Makoe,,,,,,,,,,,no-match,,,,no Wikidata search hit
achim-bonatz,Achim Bonatz,,,,,,,,,,,no-match,,,,no Wikidata search hit
adrian-pearl,Adrian Pearl (U.S.),,,,,,,,,,,no-match,,,,no Wikidata search hit
alejandro-yaya,Alejandro Yaya (Argentina),,,,,,,,,,,no-match,,,,no Wikidata search hit
alexey-boguslavskiy,Alexey Boguslavskiy,,,,,,,,,,,no-match,,,,no Wikidata search hit
amzat-boukari-yabara,Amzat Boukari-Yabara,Q99502128,Amzat Boukari-Yabara,"historian, specialist on Africa and secretary general of the Pan-African Umoja League",Amzat Boukari-Yabara 2020 interview.jpg,https://upload.wikimedia.org/wikipedia/commons/f/f1/Amzat_Boukari-Yabara_2020_interview.jpg?utm_source=commons.wikimedia.org&utm_campaign=imageinfo&utm_content=original,https://thumb.wikimedia.org/wikipedia/commons/thumb/f/f1/Amzat_Boukari-Yabara_2020_interview.jpg/500px-Amzat_Boukari-Yabara_2020_interview.jpg?utm_source=commons.wikimedia.org&utm_campaign=imageinfo&utm_content=thumbnail,CC BY 3.0,panafricain medias,panafricain medias / CC BY 3.0 / via Wikimedia Commons,https://commons.wikimedia.org/wiki/File:Amzat_Boukari-Yabara_2020_interview.jpg,name-only,,,,name matched but nothing corroborated it — CHECK BY EYE
anastasia-battle,Anastasia Battle (U.S.),,,,,,,,,,,no-match,,,,no Wikidata search hit
anika-telmanyi-lylloff,Anika Telmányi Lylloff,,,,,,,,,,,no-match,,,,no Wikidata search hit
areej-atef,Areej Atef,,,,,,,,,,,no-match,,,,no Wikidata search hit
ashley-tran,Ashley Tran (US),,,,,,,,,,,no-match,,,,no Wikidata search hit
atul-aneja,Atul Aneja,,,,,,,,,,,no-match,,,,no Wikidata search hit
benjamin-lylloff,Benjamin Lylloff,,,,,,,,,,,no-match,,,,no Wikidata search hit
boris-meshchanov,Boris Meshchanov,,,,,,,,,,,no-match,,,,no Wikidata search hit
bradley-blankenship,Bradley Blankenship (U.S.),,,,,,,,,,,no-match,,,,no Wikidata search hit
carolina-dominguez-cisneros,Carolina Domínguez Cisneros,,,,,,,,,,,no-match,,,,no Wikidata search hit
cherine-sultan,Chérine Sultan,,,,,,,,,,,no-match,,,,no Wikidata search hit
christen-sorensen,Christen Sørensen,Q12305805,Christen Sørensen,Danish economist,,,,,,,,no-image,,,,Wikidata item has no P18 image
claudio-giudici,Claudio Giudici,,,,,,,,,,,no-match,,,,no Wikidata search hit
conductor-irina-freitag,Conductor: Irina Freitag,,,,,,,,,,,no-match,,,,no Wikidata search hit
cornelia-pretorius,Cornelia Pretorius,,,,,,,,,,,no-match,,,,no Wikidata search hit
costas-tsourakis,Costas Tsourakis,,,,,,,,,,,no-match,,,,no Wikidata search hit
daqi-fan,Daqi Fan,,,,,,,,,,,no-match,,,,no Wikidata search hit
david-t-pyne,David T. Pyne (U.S.),,,,,,,,,,,no-match,,,,no Wikidata search hit
denise-rainey,Denise Rainey (U.S.),,,,,,,,,,,no-match,,,,no Wikidata search hit
earl-rasmussen,Earl Rasmussen (U.S.),,,,,,,,,,,no-match,,,,no Wikidata search hit
ed-calabrese,Ed Calabrese,,,,,,,,,,,no-match,,,,no Wikidata search hit
elisabeth-murray,Elisabeth Murray,Q58823545,Elisabeth A. Murray,American cognitive neuroscientist,,,,,,,,no-image,citizenship=United States,,,Wikidata item has no P18 image
elison-karuhanga,Elison Karuhanga (Uganda),,,,,,,,,,,no-match,,,,no Wikidata search hit
emanuel-hohener,Emanuel Höhener,,,,,,,,,,,no-match,,,,no Wikidata search hit
ernest-johnson,Ernest Johnson (U.S.),,,,,,,,,,,no-match,,,,no Wikidata search hit
eugene-thamon-simpson,Eugene Thamon Simpson,Q129273762,Eugene Thamon Simpson,"10/4/1932-; North Wilkesboro, North Carolina, United States; ; music educator, singer; American",,,,,,,,no-image,,,,Wikidata item has no P18 image
everett-suttle,Everett Suttle,,,,,,,,,,,no-match,,,,no Wikidata search hit
faiyaz-murshid-kazi,Faiyaz Murshid Kazi,Q133004977,Faiyaz Murshid Kazi,Bangladeshi diplomat,,,,,,,,no-image,,,,Wikidata item has no P18 image
folker-hellmeyer,Folker Hellmeyer,Q130457523,Folker Hellmeyer,,,,,,,,,no-image,,,,Wikidata item has no P18 image
franklin-mireri,Franklin Mireri,,,,,,,,,,,no-match,,,,no Wikidata search hit
george-koo,George Koo,,,,,,,,,,,no-match,,,,no human entity matched the name
glenn-diesen,Glenn Diesen (Norway),,,,,,,,,,,no-match,,,,no Wikidata search hit
gretchen-small,Gretchen Small (U.S.),,,,,,,,,,,no-match,,,,no Wikidata search hit
ha-b-pe-o,Натлья Витренко,,,,,,,,,,,no-match,,,,no Wikidata search hit
haidar-al-fuadi-al-atabe,Haidar Al-Fuadi Al-Atabe,,,,,,,,,,,no-match,,,,no Wikidata search hit
hans-von-helldorff,Hans von Helldorff,,,,,,,,,,,no-match,,,,no Wikidata search hit
horst-joachim-ludecke,Horst-Joachim Lüdecke,Q15428725,Horst-Joachim Lüdecke,German physicist,Horst-Joachim Lüdecke.jpg,https://upload.wikimedia.org/wikipedia/commons/9/92/Horst-Joachim_L%C3%BCdecke.jpg?utm_source=commons.wikimedia.org&utm_campaign=imageinfo&utm_content=original,https://thumb.wikimedia.org/wikipedia/commons/thumb/9/92/Horst-Joachim_L%C3%BCdecke.jpg/500px-Horst-Joachim_L%C3%BCdecke.jpg?utm_source=commons.wikimedia.org&utm_campaign=imageinfo&utm_content=thumbnail,CC BY-SA 3.0,SwissJournalist2,SwissJournalist2 / CC BY-SA 3.0 / via Wikimedia Commons,https://commons.wikimedia.org/wiki/File:Horst-Joachim_L%C3%BCdecke.jpg,name-only,,,,name matched but nothing corroborated it — CHECK BY EYE
hossein-mousavian,Hossein Mousavian (Iran),,,,,,,,,,,no-match,,,,no Wikidata search hit
huang-ping,Huang Ping,Q45606208,Huang Ping,Ming dynasty person CBDB = 244103,,,,,,,,no-image,,,,Wikidata item has no P18 image
indira-mahajan,Indira Mahajan,Q112548221,Indira Mahajan,,,,,,,,,no-image,,,,Wikidata item has no P18 image
jacques-hogard,Jacques Hogard,Q3159114,Jacques Hogard,French soldier (1918-1999),,,,,,,,no-image,citizenship=France,,,Wikidata item has no P18 image
jan-carnogursky,Ján Čarnogurský (Slovakia),,,,,,,,,,,no-match,,,,no Wikidata search hit
jay-naidoo,Jay Naidoo,Q6166958,Jay Naidoo,South African activist and politician,,,,,,,,no-image,,,,Wikidata item has no P18 image
jerome-ravenet,Jérôme Ravenet,,,,,,,,,,,no-match,,,,no Wikidata search hit
joe-maxwell,Joe Maxwell,Q6211165,Joe Maxwell,American politician,MO Lt. Governors - 45 Joe Maxwell (2000-2005) (53052872205).jpg,https://upload.wikimedia.org/wikipedia/commons/4/44/MO_Lt._Governors_-_45_Joe_Maxwell_%282000-2005%29_%2853052872205%29.jpg?utm_source=commons.wikimedia.org&utm_campaign=imageinfo&utm_content=original,https://thumb.wikimedia.org/wikipedia/commons/thumb/4/44/MO_Lt._Governors_-_45_Joe_Maxwell_%282000-2005%29_%2853052872205%29.jpg/500px-MO_Lt._Governors_-_45_Joe_Maxwell_%282000-2005%29_%2853052872205%29.jpg?utm_source=commons.wikimedia.org&utm_campaign=imageinfo&utm_content=thumbnail,Public domain,"Missouri State Archives from Jefferson City, Missouri, United States","Missouri State Archives from Jefferson City, Missouri, United States / Public domain / via Wikimedia Commons",https://commons.wikimedia.org/wiki/File:MO_Lt._Governors_-_45_Joe_Maxwell_(2000-2005)_(53052872205).jpg,name-only,,,,name matched but nothing corroborated it — CHECK BY EYE
john-gong,John Gong,,,,,,,,,,,no-match,,,,no human entity matched the name
john-sigerson,John Sigerson (U.S.),,,,,,,,,,,no-match,,,,no Wikidata search hit
jose-vega,Jose Vega (U.S.),,,,,,,,,,,no-match,,,,no Wikidata search hit
julio-de-vido,Julio De Vido (Argentina),,,,,,,,,,,no-match,,,,no Wikidata search hit
khadijah-lang,Khadijah Lang (U.S.),,,,,,,,,,,no-match,,,,no Wikidata search hit
kirk-wiebe,Kirk Wiebe (U.S.),,,,,,,,,,,no-match,,,,no Wikidata search hit
kwame-cole,Kwame Cole,,,,,,,,,,,no-match,,,,no Wikidata search hit
kynan-thistlethwaite,Kynan Thistlethwaite (U.S.),,,,,,,,,,,no-match,,,,no Wikidata search hit
leevke-hinrichs,Leevke Hinrichs,,,,,,,,,,,no-match,,,,no Wikidata search hit
linda-childs,Linda Childs,,,,,,,,,,,no-match,,,,no Wikidata search hit
lisa-bryce,Lisa Bryce,,,,,,,,,,,no-match,,,,no Wikidata search hit
lissie-brobjerg,Lissie Brobjerg,,,,,,,,,,,no-match,,,,no Wikidata search hit
liu-qiang,Liu Qiang,Q10899739,Liu Qiang,Western Han dynasty prince,,,,,,,,no-image,,,,Wikidata item has no P18 image
madison-tang,Madison Tang (U.S.),,,,,,,,,,,no-match,,,,no Wikidata search hit
major-florian-d-pfaff,Major Florian D. Pfaff,,,,,,,,,,,no-match,,,,no Wikidata search hit
major-general-peter-clegg,Major General (ret.) Peter Clegg,,,,,,,,,,,no-match,,,,no Wikidata search hit
mariana-tian,Mariana TIAN,,,,,,,,,,,no-match,,,,no Wikidata search hit
megan-dobrodt,Megan Dobrodt (U.S.),,,,,,,,,,,no-match,,,,no Wikidata search hit
michael-grundler,Michael Gründler,Q91740774,Michael C Grundler,researcher (ORCID 0000-0003-0729-6687),,,,,,,,no-image,,,,Wikidata item has no P18 image
mike-campbell,Mike Campbell (U.S.),,,,,,,,,,,no-match,,,,no Wikidata search hit
mohammed-bila,Mohammed Bila,,,,,,,,,,,no-match,,,,no human entity matched the name
my-hoa-steger,My-Hoa Steger,,,,,,,,,,,no-match,,,,no Wikidata search hit
nader-majd,Nader Majd (Iran/U.S.),,,,,,,,,,,no-match,,,,no Wikidata search hit
nicole-phrang,Nicole Phrang,,,,,,,,,,,no-match,,,,no Wikidata search hit
nie-lei,Nie Lei,,,,,,,,,,,no-match,,,,no human entity matched the name
nikolay-megits,Nikolay Megits (U.S.),,,,,,,,,,,no-match,,,,no Wikidata search hit
nuraly-bekturganov,Nuraly Bekturganov,,,,,,,,,,,no-match,,,,no Wikidata search hit
p-a-e-xa-e,Д-р Фатиме Хашеми,,,,,,,,,,,no-match,,,,no Wikidata search hit
pedro-rubio,Pedro Rubio,Q124316018,Pedro Rubio,Spanish actor,,,,,,,,no-image,,,,Wikidata item has no P18 image
plo-lumumba,PLO Lumumba,Q16194663,PLO Lumumba,Kenyan lawyer,Timothy and PLO-Lumumba in Lusaka.jpg,https://upload.wikimedia.org/wikipedia/commons/5/54/Timothy_and_PLO-Lumumba_in_Lusaka.jpg?utm_source=commons.wikimedia.org&utm_campaign=imageinfo&utm_content=original,https://upload.wikimedia.org/wikipedia/commons/5/54/Timothy_and_PLO-Lumumba_in_Lusaka.jpg?utm_source=commons.wikimedia.org&utm_campaign=imageinfo&utm_content=thumbnail_unscaled,CC BY-SA 4.0,Nsapato,Nsapato / CC BY-SA 4.0 / via Wikimedia Commons,https://commons.wikimedia.org/wiki/File:Timothy_and_PLO-Lumumba_in_Lusaka.jpg,confirmed,citizenship=Kenya,,,
rachel-brinkley,Rachel Brinkley,,,,,,,,,,,no-match,,,,no Wikidata search hit
rede-von-dr-hermann-schwiesau,Rede von Dr. Hermann Schwiesau,,,,,,,,,,,no-match,,,,no Wikidata search hit
rede-von-rainer-apel,Rede von Rainer Apel,,,,,,,,,,,no-match,,,,no Wikidata search hit
reginald-bouknight,Reginald Bouknight,,,,,,,,,,,no-match,,,,no Wikidata search hit
richard-trifan,Richard Trifan,,,,,,,,,,,no-match,,,,no Wikidata search hit
robert-castle,Robert Castle (U.S.),,,,,,,,,,,no-match,,,,no Wikidata search hit
sarah-fahim,Sarah Fahim,,,,,,,,,,,no-match,,,,no Wikidata search hit
simon-estes,Simon Estes,Q721675,Simon Estes,American opera singer,Simon Estes by Gage Skidmore.jpg,https://upload.wikimedia.org/wikipedia/commons/e/eb/Simon_Estes_by_Gage_Skidmore.jpg?utm_source=commons.wikimedia.org&utm_campaign=imageinfo&utm_content=original,https://thumb.wikimedia.org/wikipedia/commons/thumb/e/eb/Simon_Estes_by_Gage_Skidmore.jpg/500px-Simon_Estes_by_Gage_Skidmore.jpg?utm_source=commons.wikimedia.org&utm_campaign=imageinfo&utm_content=thumbnail,CC BY-SA 3.0,Gage Skidmore,Gage Skidmore / CC BY-SA 3.0 / via Wikimedia Commons,https://commons.wikimedia.org/wiki/File:Simon_Estes_by_Gage_Skidmore.jpg,name-only,,,,name matched but nothing corroborated it — CHECK BY EYE
soloists-gregor-kitzis,Soloists: Gregor Kitzis,,,,,,,,,,,no-match,,,,no Wikidata search hit
speech-by-daniel-heydt,Speech by Daniel Heydt,,,,,,,,,,,no-match,,,,no Wikidata search hit
speech-by-eric-verhaeghe,Speech by Eric Verhaeghe,,,,,,,,,,,no-match,,,,no Wikidata search hit
speech-by-erwin-schopges,Speech by Erwin Schöpges,,,,,,,,,,,no-match,,,,no Wikidata search hit
theo-mitchell,Theo Mitchell,Q7781473,Theo Mitchell,American politician,,,,,,,,no-image,,,,Wikidata item has no P18 image
theodore-postol,Theodore Postol (U.S.),,,,,,,,,,,no-match,,,,no Wikidata search hit
tyler-dupy,Tyler Dupy,,,,,,,,,,,no-match,,,,no Wikidata search hit
uschik-choi,Uschik Choi,,,,,,,,,,,no-match,,,,no Wikidata search hit
vassily-a-nebenzia,Vassily A. Nebenzia,,,,,,,,,,,no-match,,,,no Wikidata search hit
walter-faggett,Walter Faggett (U.S.),,,,,,,,,,,no-match,,,,no Wikidata search hit
wang-hao,Wang Hao,Q15931381,Wang Hao,Chinese taekwondoka,,,,,,,,no-image,,,,Wikidata item has no P18 image
wang-wen,Wang Wen,Q45678241,Wang Wen,Ming dynasty person CBDB = 202049,,,,,,,,no-image,,,,Wikidata item has no P18 image
william-ferguson,William Ferguson (U.S.),,,,,,,,,,,no-match,,,,no Wikidata search hit
william-l-dawson,William L. Dawson,Q2484851,William L. Dawson,American composer and music pedagogue (1899-1990),,,,,,,,no-image,,,,Wikidata item has no P18 image
wolfgang-effenberger,Wolfgang Effenberger,Q56342053,Wolfgang Effenberger,,Gärtner effenberger interview-a.jpg,https://upload.wikimedia.org/wikipedia/commons/a/a8/G%C3%A4rtner_effenberger_interview-a.jpg?utm_source=commons.wikimedia.org&utm_campaign=imageinfo&utm_content=original,https://upload.wikimedia.org/wikipedia/commons/a/a8/G%C3%A4rtner_effenberger_interview-a.jpg?utm_source=commons.wikimedia.org&utm_campaign=imageinfo&utm_content=thumbnail_unscaled,CC BY-SA 3.0 de,Markus Gärtner,Markus Gärtner / CC BY-SA 3.0 de / via Wikimedia Commons,https://commons.wikimedia.org/wiki/File:G%C3%A4rtner_effenberger_interview-a.jpg,name-only,,,,name matched but nothing corroborated it — CHECK BY EYE
xu-wenhong,Xu Wenhong,Q45518243,Xu Wenhong,Ming dynasty person CBDB = 284583,,,,,,,,no-image,,,,Wikidata item has no P18 image
yoro-diallo,Yoro Diallo,Q137895762,Yoro Diallo,college basketball player (2023–2025) Winthrop,,,,,,,,no-image,,,,Wikidata item has no P18 image
yusuf-maitama-tuggar,Yusuf Maitama Tuggar,Q65088520,Yusuf Tuggar,Nigerian diplomat,I miss you - Rautenstrauch-Joest-Museum - Pressekonference-2827.jpg,https://upload.wikimedia.org/wikipedia/commons/6/68/I_miss_you_-_Rautenstrauch-Joest-Museum_-_Pressekonference-2827.jpg?utm_source=commons.wikimedia.org&utm_campaign=imageinfo&utm_content=original,https://thumb.wikimedia.org/wikipedia/commons/thumb/6/68/I_miss_you_-_Rautenstrauch-Joest-Museum_-_Pressekonference-2827.jpg/500px-I_miss_you_-_Rautenstrauch-Joest-Museum_-_Pressekonference-2827.jpg?utm_source=commons.wikimedia.org&utm_campaign=imageinfo&utm_content=thumbnail,CC BY-SA 4.0,Raimond Spekking,Raimond Spekking / CC BY-SA 4.0 / via Wikimedia Commons,https://commons.wikimedia.org/wiki/File:I_miss_you_-_Rautenstrauch-Joest-Museum_-_Pressekonference-2827.jpg,name-only,,,,name matched but nothing corroborated it — CHECK BY EYE
zaid-ayoub-arbache,Zaid Ayoub Arbache,,,,,,,,,,,no-match,,,,no Wikidata search hit
alicia-diaz-brown,Alicia Díaz Brown,,,,,,,,,,,no-match,,,,no Wikidata search hit
baifeng-sun,Baifeng Sun,,,,,,,,,,,no-match,,,,no Wikidata search hit
butch-valdes,Butch Valdes: Pacific Contribution from the Philippines,,,,,,,,,,,no-match,,,,no Wikidata search hit
caleb-maupin,Caleb Maupin (U.S.),,,,,,,,,,,no-match,,,,no Wikidata search hit
daniel-burke,Daniel Burke,Q115714372,Daniel Burke,Brother of James Burke,,,,,,,,no-image,,,,Wikidata item has no P18 image
eiffel-valdecoa,Eiffel Valdecoa,,,,,,,,,,,no-match,,,,no Wikidata search hit
eric-de-keuleneer,Eric De Keuleneer,Q21634468,Éric De Keuleneer,Belgian economist,,,,,,,,no-image,,,,Wikidata item has no P18 image
ewert,Ewert: The Anthropogenic Climate Change Swindle,,,,,,,,,,,no-match,,,,no Wikidata search hit
feride-istogu-soprano,Feride Istogu Soprano,,,,,,,,,,,no-match,,,,no Wikidata search hit
fraydique-alexander-gaitan,Fraydique Alexander Gaitán (Colombia),,,,,,,,,,,no-match,,,,no Wikidata search hit
guangxi-li,Guangxi Li,Q89666312,Guangxi Li,researcher,,,,,,,,no-image,,,,Wikidata item has no P18 image
guo-wentao,GUO Wentao,,,,,,,,,,,no-match,,,,no Wikidata search hit
igor-lopatonok,Igor Lopatonok (U.S.),,,,,,,,,,,no-match,,,,no Wikidata search hit
jean-pierre-luminet,Jean-Pierre Luminet,Q2474670,Jean-Pierre Luminet,French astrophysicist,Jean-Pierre Luminet 20090313 Salon du livre 1.jpg,https://upload.wikimedia.org/wikipedia/commons/6/67/Jean-Pierre_Luminet_20090313_Salon_du_livre_1.jpg?utm_source=commons.wikimedia.org&utm_campaign=imageinfo&utm_content=original,https://thumb.wikimedia.org/wikipedia/commons/thumb/6/67/Jean-Pierre_Luminet_20090313_Salon_du_livre_1.jpg/500px-Jean-Pierre_Luminet_20090313_Salon_du_livre_1.jpg?utm_source=commons.wikimedia.org&utm_campaign=imageinfo&utm_content=thumbnail,CC BY-SA 3.0,Georges Seguin (Okki),Georges Seguin (Okki) / CC BY-SA 3.0 / via Wikimedia Commons,https://commons.wikimedia.org/wiki/File:Jean-Pierre_Luminet_20090313_Salon_du_livre_1.jpg,name-only,,,,name matched but nothing corroborated it — CHECK BY EYE
kirk-meighoo,Kirk Meighoo,Q65783455,Kirk Meighoo,academic and politician from Trinidad and Tobago,,,,,,,,no-image,,,,Wikidata item has no P18 image
larry-bell,Larry Bell,Q202621,Larry Bell,American painter and sculptor (born 1939),Larry Bell on the Sgt. Pepper's Lonely Hearts Club Band album art.jpg,https://upload.wikimedia.org/wikipedia/commons/2/27/Larry_Bell_on_the_Sgt._Pepper%27s_Lonely_Hearts_Club_Band_album_art.jpg?utm_source=commons.wikimedia.org&utm_campaign=imageinfo&utm_content=original,https://upload.wikimedia.org/wikipedia/commons/2/27/Larry_Bell_on_the_Sgt._Pepper%27s_Lonely_Hearts_Club_Band_album_art.jpg?utm_source=commons.wikimedia.org&utm_campaign=imageinfo&utm_content=thumbnail_unscaled,Public domain,"Peter Blake / Parlophone, Capitol Records","Peter Blake / Parlophone, Capitol Records / Public domain / via Wikimedia Commons",https://commons.wikimedia.org/wiki/File:Larry_Bell_on_the_Sgt._Pepper%27s_Lonely_Hearts_Club_Band_album_art.jpg,name-only,,,,name matched but nothing corroborated it — CHECK BY EYE
marie-korsaga,Marie Korsaga,Q107541954,Marie Korsaga,Burkinabè astrophysicist,Marie Korsaga (cropped).jpg,https://upload.wikimedia.org/wikipedia/commons/5/52/Marie_Korsaga_%28cropped%29.jpg?utm_source=commons.wikimedia.org&utm_campaign=imageinfo&utm_content=original,https://thumb.wikimedia.org/wikipedia/commons/thumb/5/52/Marie_Korsaga_%28cropped%29.jpg/500px-Marie_Korsaga_%28cropped%29.jpg?utm_source=commons.wikimedia.org&utm_campaign=imageinfo&utm_content=thumbnail,CC BY-SA 4.0,Néné abada,Néné abada / CC BY-SA 4.0 / via Wikimedia Commons,https://commons.wikimedia.org/wiki/File:Marie_Korsaga_(cropped).jpg,name-only,,,,name matched but nothing corroborated it — CHECK BY EYE
marino-elsevyf,Marino Elsevyf,,,,,,,,,,,no-match,,,,no Wikidata search hit
mark-sweazy,Mark Sweazy,,,,,,,,,,,no-match,,,,no Wikidata search hit
matthieu-fontana,Matthieu Fontana,,,,,,,,,,,no-match,,,,no Wikidata search hit
michelle-erin,Michelle Erin,,,,,,,,,,,no-match,,,,no human entity matched the name
moderator-jen-pearl,Moderator: Jen Pearl (U.S.),,,,,,,,,,,no-match,,,,no Wikidata search hit
ole-doering,Ole Doering,,,,,,,,,,,no-match,,,,no Wikidata search hit
olesya-sablina,Olesya Sablina,,,,,,,,,,,no-match,,,,no Wikidata search hit
performed-by-jean-trebuchet,Performed by Jean Trébuchet.,,,,,,,,,,,no-match,,,,no Wikidata search hit
po-ep-ap,Роберт Барвик,,,,,,,,,,,no-match,,,,no Wikidata search hit
r-thomas-buffenbarger,R. Thomas Buffenbarger,Q7274050,R. Thomas Buffenbarger,American labor leader,R. Thomas Buffenbarger cropped.jpg,https://upload.wikimedia.org/wikipedia/commons/6/64/R._Thomas_Buffenbarger_cropped.jpg?utm_source=commons.wikimedia.org&utm_campaign=imageinfo&utm_content=original,https://thumb.wikimedia.org/wikipedia/commons/thumb/6/64/R._Thomas_Buffenbarger_cropped.jpg/500px-R._Thomas_Buffenbarger_cropped.jpg?utm_source=commons.wikimedia.org&utm_campaign=imageinfo&utm_content=thumbnail,CC BY 2.0,"Molly Theobald, for the aflcio2008","Molly Theobald, for the aflcio2008 / CC BY 2.0 / via Wikimedia Commons",https://commons.wikimedia.org/wiki/File:R._Thomas_Buffenbarger_cropped.jpg,name-only,,,,name matched but nothing corroborated it — CHECK BY EYE
robert-lechner-schobel,Robert Lechner-Schobel,,,,,,,,,,,no-match,,,,no Wikidata search hit
robert-mcferrin,Robert McFerrin,Q7347517,Robert McFerrin,opera singer (1921–2006),"Robert McFerrin, baritone, half-length portrait, facing front LCCN2005696349.jpg",https://upload.wikimedia.org/wikipedia/commons/d/dc/Robert_McFerrin%2C_baritone%2C_half-length_portrait%2C_facing_front_LCCN2005696349.jpg?utm_source=commons.wikimedia.org&utm_campaign=imageinfo&utm_content=original,https://thumb.wikimedia.org/wikipedia/commons/thumb/d/dc/Robert_McFerrin%2C_baritone%2C_half-length_portrait%2C_facing_front_LCCN2005696349.jpg/500px-Robert_McFerrin%2C_baritone%2C_half-length_portrait%2C_facing_front_LCCN2005696349.jpg?utm_source=commons.wikimedia.org&utm_campaign=imageinfo&utm_content=thumbnail,Public domain,Carl Van Vechten,Carl Van Vechten / Public domain / via Wikimedia Commons,"https://commons.wikimedia.org/wiki/File:Robert_McFerrin,_baritone,_half-length_portrait,_facing_front_LCCN2005696349.jpg",name-only,,,,name matched but nothing corroborated it — CHECK BY EYE
roberto-valdes,Roberto Valdes,,,,,,,,,,,no-match,,,,no human entity matched the name
simona-buineviciute,Simona Buineviciute,,,,,,,,,,,no-match,,,,no Wikidata search hit
thomas-wysmuller,Thomas Wysmuller,,,,,,,,,,,no-match,,,,no Wikidata search hit
veronika-zukaite,Veronika Zukaite,,,,,,,,,,,no-match,,,,no Wikidata search hit
viktoriya-valdes,Viktoriya Valdes,,,,,,,,,,,no-match,,,,no Wikidata search hit
vladimir-morozov,Vladimir Morozov,Q211185,Vladimir Morozov,Russian pair skater,Vladimir Morozov at the 2018 Grand Prix Final (cropped).jpg,https://upload.wikimedia.org/wikipedia/commons/1/11/Vladimir_Morozov_at_the_2018_Grand_Prix_Final_%28cropped%29.jpg?utm_source=commons.wikimedia.org&utm_campaign=imageinfo&utm_content=original,https://thumb.wikimedia.org/wikipedia/commons/thumb/1/11/Vladimir_Morozov_at_the_2018_Grand_Prix_Final_%28cropped%29.jpg/500px-Vladimir_Morozov_at_the_2018_Grand_Prix_Final_%28cropped%29.jpg?utm_source=commons.wikimedia.org&utm_campaign=imageinfo&utm_content=thumbnail,CC BY-SA 3.0,David W. Carmichael,David W. Carmichael / CC BY-SA 3.0 / via Wikimedia Commons,https://commons.wikimedia.org/wiki/File:Vladimir_Morozov_at_the_2018_Grand_Prix_Final_(cropped).jpg,name-only,,,,name matched but nothing corroborated it — CHECK BY EYE
walter-formento,Walter Formento,,,,,,,,,,,no-match,,,,no Wikidata search hit
xu-jian,Xu Jian,Q132147103,Xu Jian,,,,,,,,,no-image,,,,Wikidata item has no P18 image
yan-wang,Yan Wang,Q102110991,Yan Wang,,,,,,,,,no-image,,,,Wikidata item has no P18 image
yulin-wang-tenor,Yulin Wang (China) tenor,,,,,,,,,,,no-match,,,,no Wikidata search hit
jean-christophe-vautrin,Jean Christophe Vautrin,,,,,,,,,,,no-match,,,,no Wikidata search hit
lawrence-wilkerson,Lawrence Wilkerson,Q6504746,Lawrence Wilkerson,"United States Army colonel (ret.), Chief of Staff to Colin Powell",Lawrence Wilkerson 2014.jpg,https://upload.wikimedia.org/wikipedia/commons/2/24/Lawrence_Wilkerson_2014.jpg?utm_source=commons.wikimedia.org&utm_campaign=imageinfo&utm_content=original,https://thumb.wikimedia.org/wikipedia/commons/thumb/2/24/Lawrence_Wilkerson_2014.jpg/500px-Lawrence_Wilkerson_2014.jpg?utm_source=commons.wikimedia.org&utm_campaign=imageinfo&utm_content=thumbnail,CC BY 2.0,US Embassy Canada,US Embassy Canada / CC BY 2.0 / via Wikimedia Commons,https://commons.wikimedia.org/wiki/File:Lawrence_Wilkerson_2014.jpg,name-only,,,,name matched but nothing corroborated it — CHECK BY EYE
mark-shelly,Mark Shelly,,,,,,,,,,,no-match,,,,no Wikidata search hit
metin-apti,Metin Apti,,,,,,,,,,,no-match,,,,no Wikidata search hit
petr-iliichev,Petr Iliichev,,,,,,,,,,,no-match,,,,no Wikidata search hit
eva-karene-bartlett,Eva Karene Bartlett,Q28718219,Eva Bartlett,Canadian-US activist and propagandist,Eva Bartlett in 2014.png,https://upload.wikimedia.org/wikipedia/commons/f/f9/Eva_Bartlett_in_2014.png?utm_source=commons.wikimedia.org&utm_campaign=imageinfo&utm_content=original,https://thumb.wikimedia.org/wikipedia/commons/thumb/f/f9/Eva_Bartlett_in_2014.png/500px-Eva_Bartlett_in_2014.png?utm_source=commons.wikimedia.org&utm_campaign=imageinfo&utm_content=thumbnail,CC BY 3.0,Justin Podur,Justin Podur / CC BY 3.0 / via Wikimedia Commons,https://commons.wikimedia.org/wiki/File:Eva_Bartlett_in_2014.png,confirmed,citizenship=Canada,,,
willis-patterson,Willis Patterson,Q24176216,Willis Patterson,American opera singer,,,,,,,,no-image,,,,Wikidata item has no P18 image
teng-jimeng,Teng Jimeng,,,,,,,,,,,no-match,,,,no Wikidata search hit
daud-azimi,Daud Azimi,,,,,,,,,,,no-match,,,,no Wikidata search hit
bedabrata-pain,Bedabrata Pain,Q4878975,Bedabrata Pain,Indian film-maker,"Master Classes by Dr. Bedabrata Pain on “Digital Imaging”, during the 43rd International Film Festival of India (IFFI-2012), in Panaji, Goa on November 28, 2012.jpg",,,GODL-India,,,,unfree,,,,licence did not parse as free — dropped
elke-fimmen,Elke Fimmen,,,,,,,,,,,no-match,,,,no Wikidata search hit
