person_key,canonical_name,tier,attachment_id,file_path,width,height,photo_license,photo_credit,photo_source_url,confidence,candidates_json,final_action,reviewer,notes
helga-zepp-larouche,Helga Zepp-LaRouche,1,938,2012/12/20121125-zepplarouche-podium-2.jpg,,,si-own,Schiller Institute,https://schillerinstitute.com/wp-content/uploads/2012/12/20121125-zepplarouche-podium-2.jpg,authoritative,,,,featured image of portfolio:885; 10 portfolio photos available
jacques-cheminade,Jacques Cheminade,1,1064,2012/12/20121125-cheminade.jpg,,,si-own,Schiller Institute,https://schillerinstitute.com/wp-content/uploads/2012/12/20121125-cheminade.jpg,authoritative,,,,featured image of portfolio:1062; 9 portfolio photos available
hussein-askary,Hussein Askary,1,931,2012/12/20121124-askary.jpg,,,si-own,Schiller Institute,https://schillerinstitute.com/wp-content/uploads/2012/12/20121124-askary.jpg,authoritative,,,,featured image of portfolio:930; 10 portfolio photos available
daisuke-kotegawa,Daisuke Kotegawa,1,2868,2013/04/20130413-kotegawa.jpg,,,si-own,Schiller Institute,https://schillerinstitute.com/wp-content/uploads/2013/04/20130413-kotegawa.jpg,authoritative,,,,featured image of portfolio:2867; 7 portfolio photos available
alain-corvez,Alain Corvez,1,34815,2016/06/NP-Corvez.png,1080,720,si-own,Schiller Institute,https://schillerinstitute.com/wp-content/uploads/2016/06/NP-Corvez.png,authoritative,,,,featured image of portfolio:35733; 8 portfolio photos available
bruce-fein,Bruce Fein,1,2046,2013/02/20130126-fein.jpg,,,si-own,Schiller Institute,https://schillerinstitute.com/wp-content/uploads/2013/02/20130126-fein.jpg,authoritative,,,,featured image of portfolio:2030; 7 portfolio photos available
jason-ross,Jason Ross,1,2855,2013/04/20130413-jason-ross.jpg,,,si-own,Schiller Institute,https://schillerinstitute.com/wp-content/uploads/2013/04/20130413-jason-ross.jpg,authoritative,,,,featured image of portfolio:2854; 6 portfolio photos available
jayshree-sengupta,Jayshree Sengupta,1,31602,2015/06/Sengupta.png,3216,1809,si-own,Schiller Institute,https://schillerinstitute.com/wp-content/uploads/2015/06/Sengupta.png,authoritative,,,,featured image of portfolio:31601; 7 portfolio photos available
diogene-senny,Diogène Senny,1,31330,2015/06/Senny.png,3216,1809,si-own,Schiller Institute,https://schillerinstitute.com/wp-content/uploads/2015/06/Senny.png,authoritative,,,,featured image of portfolio:31329; 7 portfolio photos available
theodore-katsanevas,Theodore Katsanevas,1,1045,2012/12/20121124-katsanevas.jpg,,,si-own,Schiller Institute,https://schillerinstitute.com/wp-content/uploads/2012/12/20121124-katsanevas.jpg,authoritative,,,,featured image of portfolio:1422; 5 portfolio photos available
diane-sare,Diane Sare,1,2864,2013/04/20130413-diane-sarew.jpg,,,si-own,Schiller Institute,https://schillerinstitute.com/wp-content/uploads/2013/04/20130413-diane-sarew.jpg,authoritative,,,,featured image of portfolio:2863; 4 portfolio photos available
christine-bierre,Christine Bierre,1,31355,2015/06/Bierre.png,2976,1674,si-own,Schiller Institute,https://schillerinstitute.com/wp-content/uploads/2015/06/Bierre.png,authoritative,,,,featured image of portfolio:31354; 4 portfolio photos available
michael-billington,Michael Billington,1,1018,2012/12/20121125-billington.jpg,,,si-own,Schiller Institute,https://schillerinstitute.com/wp-content/uploads/2012/12/20121125-billington.jpg,authoritative,,,,featured image of portfolio:1017; 4 portfolio photos available
lorella-presotto,Lorella Presotto,1,1467,2012/12/20121124-presotto.jpg,,,si-own,Schiller Institute,https://schillerinstitute.com/wp-content/uploads/2012/12/20121124-presotto.jpg,authoritative,,,,featured image of portfolio:1466; 4 portfolio photos available
walter-jones,Walter Jones,1,2806,2013/04/20130413-walter-jones.jpg,,,si-own,Schiller Institute,https://schillerinstitute.com/wp-content/uploads/2013/04/20130413-walter-jones.jpg,authoritative,,,,featured image of portfolio:2805; 4 portfolio photos available
natalia-vitrenko,Natalia Vitrenko,1,2890,2013/04/20130413-natalya-vitrenko1.jpg,640,360,si-own,Schiller Institute,https://schillerinstitute.com/wp-content/uploads/2013/04/20130413-natalya-vitrenko1.jpg,authoritative,,,,featured image of portfolio:2888; 4 portfolio photos available
shi-ze,Shi Ze,1,20116,2014/10/ShiZe-snap-1.png,,,si-own,Schiller Institute,https://schillerinstitute.com/wp-content/uploads/2014/10/ShiZe-snap-1.png,authoritative,,,,featured image of portfolio:20097; 4 portfolio photos available
ali-rastbeen,Ali Rastbeen,1,21320,2014/10/Rastbeen-snap-1.png,,,si-own,Schiller Institute,https://schillerinstitute.com/wp-content/uploads/2014/10/Rastbeen-snap-1.png,authoritative,,,,featured image of portfolio:21307; 3 portfolio photos available
leonid-kadyshev,Leonid Kadyshev,1,31555,2015/06/Kadyshev.png,3216,1808,si-own,Schiller Institute,https://schillerinstitute.com/wp-content/uploads/2015/06/Kadyshev.png,authoritative,,,,featured image of portfolio:31554; 4 portfolio photos available
h-h-s-viswanathan,H.H.S. Viswanathan,1,31557,2015/06/Vismanathan.png,3216,1809,si-own,Schiller Institute,https://schillerinstitute.com/wp-content/uploads/2015/06/Vismanathan.png,authoritative,,,,featured image of portfolio:31556; 4 portfolio photos available
jean-francois-di-meglio,Jean-François Di Meglio,1,31600,2015/06/Di-Meglio.png,3216,1809,si-own,Schiller Institute,https://schillerinstitute.com/wp-content/uploads/2015/06/Di-Meglio.png,authoritative,,,,featured image of portfolio:31599; 4 portfolio photos available
michel-raimbaud,Michel Raimbaud,1,34739,2016/06/NP-Raimbaud-screenshot.png,,,si-own,Schiller Institute,https://schillerinstitute.com/wp-content/uploads/2016/06/NP-Raimbaud-screenshot.png,authoritative,,,,featured image of portfolio:34737; 3 portfolio photos available
daniel-estulin,Daniel Estulin,1,1043,2012/12/20121124-estulin.jpg,,,si-own,Schiller Institute,https://schillerinstitute.com/wp-content/uploads/2012/12/20121124-estulin.jpg,authoritative,,,,featured image of portfolio:1028; 3 portfolio photos available
mulugeta-zewdie-michael,Mulugeta Zewdie Michael,1,1052,2012/12/20121125-zewdie-michael.jpg,,,si-own,Schiller Institute,https://schillerinstitute.com/wp-content/uploads/2012/12/20121125-zewdie-michael.jpg,authoritative,,,,featured image of portfolio:1039; 3 portfolio photos available
didier-schmitt,Didier Schmitt,1,1067,2012/12/20121124-schmitt.jpg,,,si-own,Schiller Institute,https://schillerinstitute.com/wp-content/uploads/2012/12/20121124-schmitt.jpg,authoritative,,,,featured image of portfolio:1066; 3 portfolio photos available
bassam-tahhan,Bassam Tahhan,1,1334,2012/12/20121124-tahhan.jpg,,,si-own,Schiller Institute,https://schillerinstitute.com/wp-content/uploads/2012/12/20121124-tahhan.jpg,authoritative,,,,featured image of portfolio:1332; 3 portfolio photos available
ghoncheh-tazmini,Ghoncheh Tazmini,1,1337,2012/12/20121124-tazmini.jpg,,,si-own,Schiller Institute,https://schillerinstitute.com/wp-content/uploads/2012/12/20121124-tazmini.jpg,authoritative,,,,featured image of portfolio:1336; 3 portfolio photos available
michael-kirsch,Michael Kirsch,1,2244,2013/02/20130126-kirsch.jpg,,,si-own,Schiller Institute,https://schillerinstitute.com/wp-content/uploads/2013/02/20130126-kirsch.jpg,authoritative,,,,featured image of portfolio:2243; 3 portfolio photos available
dennis-small,Dennis Small,1,2658,2013/03/20130323-small.jpg,,,si-own,Schiller Institute,https://schillerinstitute.com/wp-content/uploads/2013/03/20130323-small.jpg,authoritative,,,,featured image of portfolio:2657; 2 portfolio photos available
cui-hongjian,Cui Hongjian,1,2874,2013/04/20130413-cui-hongjian.jpg,,,si-own,Schiller Institute,https://schillerinstitute.com/wp-content/uploads/2013/04/20130413-cui-hongjian.jpg,authoritative,,,,featured image of portfolio:2873; 3 portfolio photos available
henri-safa,Henri Safa,1,2903,2013/04/20130413-henri-safa.jpg,,,si-own,Schiller Institute,https://schillerinstitute.com/wp-content/uploads/2013/04/20130413-henri-safa.jpg,authoritative,,,,featured image of portfolio:2902; 3 portfolio photos available
eduardo-greaves,Eduardo Greaves,1,2907,2013/04/20130413-eduardo-greaves.jpg,,,si-own,Schiller Institute,https://schillerinstitute.com/wp-content/uploads/2013/04/20130413-eduardo-greaves.jpg,authoritative,,,,featured image of portfolio:2905; 3 portfolio photos available
alexander-nagorny,Alexander Nagorny,1,3168,2013/05/20130413-nagorny.jpg,,,si-own,Schiller Institute,https://schillerinstitute.com/wp-content/uploads/2013/05/20130413-nagorny.jpg,authoritative,,,,featured image of portfolio:3116; 3 portfolio photos available
robert-barwick,Robert Barwick,1,20088,2014/10/Barwick-snap-1.png,,,si-own,Schiller Institute,https://schillerinstitute.com/wp-content/uploads/2014/10/Barwick-snap-1.png,authoritative,,,,featured image of portfolio:19816; 3 portfolio photos available
panos-kammenos,Panos Kammenos,1,21345,2014/10/kammenos-snap-1.png,,,si-own,Schiller Institute,https://schillerinstitute.com/wp-content/uploads/2014/10/kammenos-snap-1.png,authoritative,,,,featured image of portfolio:21329; 3 portfolio photos available
antonino-galloni,Antonino Galloni,1,21809,2014/10/Galloni-snapshot-01.png,,,si-own,Schiller Institute,https://schillerinstitute.com/wp-content/uploads/2014/10/Galloni-snapshot-01.png,authoritative,,,,featured image of portfolio:21807; 3 portfolio photos available
enzo-siviero,Enzo Siviero,1,22540,2014/10/Siviero-snapshot-01.png,,,si-own,Schiller Institute,https://schillerinstitute.com/wp-content/uploads/2014/10/Siviero-snapshot-01.png,authoritative,,,,featured image of portfolio:21895; 3 portfolio photos available
alena-petrova,Alena Petrova,1,22809,2014/10/Petrova-snapshot-06.png,,,si-own,Schiller Institute,https://schillerinstitute.com/wp-content/uploads/2014/10/Petrova-snapshot-06.png,authoritative,,,,featured image of portfolio:22771; 3 portfolio photos available
toni-kastner,Toni Kästner,1,22920,2014/11/kaestner-snapshot-01.png,,,si-own,Schiller Institute,https://schillerinstitute.com/wp-content/uploads/2014/11/kaestner-snapshot-01.png,authoritative,,,,featured image of portfolio:22919; 3 portfolio photos available
malcolm-fraser,Malcolm Fraser,1,22945,2014/11/Fraser-snapshot-01.png,,,si-own,Schiller Institute,https://schillerinstitute.com/wp-content/uploads/2014/11/Fraser-snapshot-01.png,authoritative,,,,featured image of portfolio:22943; 3 portfolio photos available
stelios-kouloglou,Stélios Kouloglou,1,29744,2015/06/Kouloglou.png,,,si-own,Schiller Institute,https://schillerinstitute.com/wp-content/uploads/2015/06/Kouloglou.png,authoritative,,,,featured image of portfolio:29743; 3 portfolio photos available
francois-gervais,François Gervais,1,31326,2015/06/Gervais.png,3216,1809,si-own,Schiller Institute,https://schillerinstitute.com/wp-content/uploads/2015/06/Gervais.png,authoritative,,,,featured image of portfolio:31325; 3 portfolio photos available
karel-vereycken,Karel Vereycken,1,31332,2015/06/Karel.png,3216,1809,si-own,Schiller Institute,https://schillerinstitute.com/wp-content/uploads/2015/06/Karel.png,authoritative,,,,featured image of portfolio:31331; 3 portfolio photos available
carl-otto-weiss,Carl-Otto Weiss,1,31324,2015/06/Weiss.png,3216,1809,si-own,Schiller Institute,https://schillerinstitute.com/wp-content/uploads/2015/06/Weiss.png,authoritative,,,,featured image of portfolio:31323; 3 portfolio photos available
denys-pluvinage,Denys Pluvinage,1,31598,2015/06/download1.jpg,1069,710,si-own,Schiller Institute,https://schillerinstitute.com/wp-content/uploads/2015/06/download1.jpg,authoritative,,,,featured image of portfolio:31596; 3 portfolio photos available
richard-black,Richard Black,1,30331,2015/06/Dick-Black002.jpg,,,si-own,Schiller Institute,https://schillerinstitute.com/wp-content/uploads/2015/06/Dick-Black002.jpg,authoritative,,,,featured image of portfolio:30287; 2 portfolio photos available
acheikh-ibn-oumar,Acheikh Ibn-Oumar,1,31349,2015/06/arton319.jpg,300,199,si-own,Schiller Institute,https://schillerinstitute.com/wp-content/uploads/2015/06/arton319.jpg,authoritative,,,,featured image of portfolio:31348; 3 portfolio photos available
chas-freeman,Chas Freeman,1,34573,2016/06/NP-Freeman-01-screenshot.png,,,si-own,Schiller Institute,https://schillerinstitute.com/wp-content/uploads/2016/06/NP-Freeman-01-screenshot.png,authoritative,,,,featured image of portfolio:34388; 3 portfolio photos available
marco-zanni,Marco Zanni,1,34528,2016/06/NP-Zanni-screenshot.png,,,si-own,Schiller Institute,https://schillerinstitute.com/wp-content/uploads/2016/06/NP-Zanni-screenshot.png,authoritative,,,,featured image of portfolio:34396; 3 portfolio photos available
leonidas-chrysantopoulos,Leonidas Chrysantopoulos,1,34593,2016/06/NP-Chrysantopoulos-screenshot.png,,,si-own,Schiller Institute,https://schillerinstitute.com/wp-content/uploads/2016/06/NP-Chrysantopoulos-screenshot.png,authoritative,,,,featured image of portfolio:34400; 3 portfolio photos available
ren-lin,Ren Lin,1,34614,2016/06/NP-Lin-screenshot.png,,,si-own,Schiller Institute,https://schillerinstitute.com/wp-content/uploads/2016/06/NP-Lin-screenshot.png,authoritative,,,,featured image of portfolio:34402; 3 portfolio photos available
hamid-sidig,Hamid Sidig,1,34635,2016/06/NP-Sidig-screenshot.png,,,si-own,Schiller Institute,https://schillerinstitute.com/wp-content/uploads/2016/06/NP-Sidig-screenshot.png,authoritative,,,,featured image of portfolio:34404; 3 portfolio photos available
egbert-drews,Egbert Drews,1,35117,2016/07/NP-Panelist-Profile-Drews.png,,,si-own,Schiller Institute,https://schillerinstitute.com/wp-content/uploads/2016/07/NP-Panelist-Profile-Drews.png,authoritative,,,,featured image of portfolio:34406; 3 portfolio photos available
bereket-simon,Bereket Simon,1,35193,2016/07/NP-Simon-screenshot.png,,,si-own,Schiller Institute,https://schillerinstitute.com/wp-content/uploads/2016/07/NP-Simon-screenshot.png,authoritative,,,,featured image of portfolio:34412; 3 portfolio photos available
adeline-djeutie,Adeline Djeutie,1,35039,2016/07/NP-Djeutie.png,,,si-own,Schiller Institute,https://schillerinstitute.com/wp-content/uploads/2016/07/NP-Djeutie.png,authoritative,,,,featured image of portfolio:34414; 3 portfolio photos available
alain-gachet,Alain Gachet,1,35053,2016/06/NP-Gachet.png,1080,720,si-own,Schiller Institute,https://schillerinstitute.com/wp-content/uploads/2016/06/NP-Gachet.png,authoritative,,,,featured image of portfolio:35586; 3 portfolio photos available
rainer-sandau,Rainer Sandau,1,35102,2016/07/NP-Sandau.png,,,si-own,Schiller Institute,https://schillerinstitute.com/wp-content/uploads/2016/07/NP-Sandau.png,authoritative,,,,featured image of portfolio:34419; 3 portfolio photos available
sam-pitroda,Sam Pitroda,2,,,,,,,,needs-review,"[{""id"": ""89281"", ""path"": ""2022/07/sam-pitroda.png"", ""score"": 34, ""why"": """", ""w"": 1920, ""h"": 1080}, {""id"": ""90239"", ""path"": ""2022/08/pitroda_sam_schiller_institute_6-18-22.jpg"", ""score"": 30, ""why"": ""portrait/square"", ""w"": 210, ""h"": 243}]",,,"2 filename candidates on surname ""pitroda"""
aiman-rsheed,Aiman Rsheed,1,1055,2012/12/20121125-rsheed.jpg,,,si-own,Schiller Institute,https://schillerinstitute.com/wp-content/uploads/2012/12/20121125-rsheed.jpg,authoritative,,,,featured image of portfolio:1054; 2 portfolio photos available
wilhelm-hankel,Wilhelm Hankel,1,1070,2012/12/20121125-hankel2.jpg,,,si-own,Schiller Institute,https://schillerinstitute.com/wp-content/uploads/2012/12/20121125-hankel2.jpg,authoritative,,,,featured image of portfolio:1436; 2 portfolio photos available
antonio-guell,Antonio Güell,1,950,2012/12/20121124-guell.jpg,,,si-own,Schiller Institute,https://schillerinstitute.com/wp-content/uploads/2012/12/20121124-guell.jpg,authoritative,,,,featured image of portfolio:1450; 2 portfolio photos available
ali-reza-sheikh-attar,Ali Reza Sheikh Attar,1,935,2012/12/20121124-ambassador-attar-2.jpg,,,si-own,Schiller Institute,https://schillerinstitute.com/wp-content/uploads/2012/12/20121124-ambassador-attar-2.jpg,authoritative,,,,featured image of portfolio:1569; 2 portfolio photos available
lyndon-h-larouche-jr,"Lyndon H. LaRouche, Jr.",1,1060,2012/12/20121125-larouche.jpg,,,si-own,Schiller Institute,https://schillerinstitute.com/wp-content/uploads/2012/12/20121125-larouche.jpg,authoritative,,,,featured image of portfolio:2101; 2 portfolio photos available
sean-stone,Sean Stone,1,2233,2013/02/20130126-stone.jpg,,,si-own,Schiller Institute,https://schillerinstitute.com/wp-content/uploads/2013/02/20130126-stone.jpg,authoritative,,,,featured image of portfolio:2232; 2 portfolio photos available
norton-mezvinsky,Norton Mezvinsky,1,2241,2013/02/20130126-mezvinsky.jpg,,,si-own,Schiller Institute,https://schillerinstitute.com/wp-content/uploads/2013/02/20130126-mezvinsky.jpg,authoritative,,,,featured image of portfolio:2240; 2 portfolio photos available
james-benham,James Benham,1,2675,2013/03/20130323-benham.jpg,,,si-own,Schiller Institute,https://schillerinstitute.com/wp-content/uploads/2013/03/20130323-benham.jpg,authoritative,,,,featured image of portfolio:2674; 2 portfolio photos available
thomas-jackson,Thomas Jackson,1,2678,2013/03/20130323-jackson.jpg,,,si-own,Schiller Institute,https://schillerinstitute.com/wp-content/uploads/2013/03/20130323-jackson.jpg,authoritative,,,,featured image of portfolio:2677; 2 portfolio photos available
paul-gallagher,Paul Gallagher,1,2684,2013/03/20130323-gallagher.jpg,,,si-own,Schiller Institute,https://schillerinstitute.com/wp-content/uploads/2013/03/20130323-gallagher.jpg,authoritative,,,,featured image of portfolio:2683; 2 portfolio photos available
jeff-steinberg,Jeff Steinberg,1,2737,2013/04/20130323-steinberg.jpg,,,si-own,Schiller Institute,https://schillerinstitute.com/wp-content/uploads/2013/04/20130323-steinberg.jpg,authoritative,,,,featured image of portfolio:2736; 2 portfolio photos available
frank-cevasco,Frank Cevasco,1,2742,2013/04/20130323-cevasco.jpg,,,si-own,Schiller Institute,https://schillerinstitute.com/wp-content/uploads/2013/04/20130323-cevasco.jpg,authoritative,,,,featured image of portfolio:2739; 2 portfolio photos available
rachel-douglas,Rachel Douglas,1,2771,2013/04/20130323-rbd-igmass.jpg,,,si-own,Schiller Institute,https://schillerinstitute.com/wp-content/uploads/2013/04/20130323-rbd-igmass.jpg,authoritative,,,,featured image of portfolio:2770; 2 portfolio photos available
mikhail-delyagin,Mikhail Delyagin,1,2899,2013/04/20130413-mikhael-dalyagin2.jpg,,,si-own,Schiller Institute,https://schillerinstitute.com/wp-content/uploads/2013/04/20130413-mikhael-dalyagin2.jpg,authoritative,,,,featured image of portfolio:2893; 2 portfolio photos available
urban-cleve,Urban Cleve,1,2913,2013/04/20130413-urban-cleve.jpg,,,si-own,Schiller Institute,https://schillerinstitute.com/wp-content/uploads/2013/04/20130413-urban-cleve.jpg,authoritative,,,,featured image of portfolio:2912; 2 portfolio photos available
andrey-fursov,Andrey Fursov,1,2986,2013/04/20130413-andrej-fursov.jpg,,,si-own,Schiller Institute,https://schillerinstitute.com/wp-content/uploads/2013/04/20130413-andrej-fursov.jpg,authoritative,,,,featured image of portfolio:2985; 2 portfolio photos available
craig-isherwood,Craig Isherwood,1,3008,2013/04/20130413-craig-isherwood.jpg,,,si-own,Schiller Institute,https://schillerinstitute.com/wp-content/uploads/2013/04/20130413-craig-isherwood.jpg,authoritative,,,,featured image of portfolio:3007; 2 portfolio photos available
hal-cooper,Hal Cooper,1,3879,2013/11/hal.jpg,1280,720,si-own,Schiller Institute,https://schillerinstitute.com/wp-content/uploads/2013/11/hal.jpg,authoritative,,,,featured image of portfolio:3878; 2 portfolio photos available
harley-schlanger,Harley Schlanger,1,3876,2013/11/harley.jpg,1280,720,si-own,Schiller Institute,https://schillerinstitute.com/wp-content/uploads/2013/11/harley.jpg,authoritative,,,,featured image of portfolio:3874; 2 portfolio photos available
wolfgang-lillge,Wolfgang Lillge,1,20544,2014/10/Wolfgang-snap-1.png,,,si-own,Schiller Institute,https://schillerinstitute.com/wp-content/uploads/2014/10/Wolfgang-snap-1.png,authoritative,,,,featured image of portfolio:20428; 2 portfolio photos available
fatemeh-hashemi-rafsanjani,Fatemeh Hashemi Rafsanjani,1,21555,2014/10/Hashemi-snapshot-01.png,,,si-own,Schiller Institute,https://schillerinstitute.com/wp-content/uploads/2014/10/Hashemi-snapshot-01.png,authoritative,,,,featured image of portfolio:21552; 2 portfolio photos available
dieter-ameling,Dieter Ameling,1,22530,2014/10/Armeling-snapshot-01.png,,,si-own,Schiller Institute,https://schillerinstitute.com/wp-content/uploads/2014/10/Armeling-snapshot-01.png,authoritative,,,,featured image of portfolio:22338; 2 portfolio photos available
michail-titarenko,Michail Titarenko,1,22834,2014/11/Titarenko-snapshot-01.png,,,si-own,Schiller Institute,https://schillerinstitute.com/wp-content/uploads/2014/11/Titarenko-snapshot-01.png,authoritative,,,,featured image of portfolio:22833; 2 portfolio photos available
wangsuo-wu,Wangsuo Wu,1,21627,2014/10/Wu-snapshot-01.png,,,si-own,Schiller Institute,https://schillerinstitute.com/wp-content/uploads/2014/10/Wu-snapshot-01.png,authoritative,,,,featured image of portfolio:22889; 2 portfolio photos available
chandra-muzaffar,Chandra Muzaffar,1,22905,2014/10/muzaffar.png,,,si-own,Schiller Institute,https://schillerinstitute.com/wp-content/uploads/2014/10/muzaffar.png,authoritative,,,,featured image of portfolio:22913; 2 portfolio photos available
benjamin-deniston,Benjamin Deniston,1,31314,2015/06/Deniston.png,3216,1809,si-own,Schiller Institute,https://schillerinstitute.com/wp-content/uploads/2015/06/Deniston.png,authoritative,,,,featured image of portfolio:31312; 2 portfolio photos available
charles-paperon,Charles Paperon,1,30580,2015/06/charles_paperon-52baf.png,,,si-own,Schiller Institute,https://schillerinstitute.com/wp-content/uploads/2015/06/charles_paperon-52baf.png,authoritative,,,,featured image of portfolio:30601; 2 portfolio photos available
tatiana-seliverstova,Tatiana Seliverstova,1,30712,2015/06/seliverstova.png,,,si-own,Schiller Institute,https://schillerinstitute.com/wp-content/uploads/2015/06/seliverstova.png,authoritative,,,,featured image of portfolio:30806; 2 portfolio photos available
jean-pierre-gerard,Jean-Pierre Gérard,1,31353,2015/06/Gerard.png,3216,1809,si-own,Schiller Institute,https://schillerinstitute.com/wp-content/uploads/2015/06/Gerard.png,authoritative,,,,featured image of portfolio:31352; 2 portfolio photos available
raghda-ibrahim,Raghda Ibrahim,1,31328,2015/06/Ibrahim.png,3048,1714,si-own,Schiller Institute,https://schillerinstitute.com/wp-content/uploads/2015/06/Ibrahim.png,authoritative,,,,featured image of portfolio:31327; 2 portfolio photos available
dean-andromidas,Dean Andromidas,1,31310,2015/06/Andromidas.png,3216,1809,si-own,Schiller Institute,https://schillerinstitute.com/wp-content/uploads/2015/06/Andromidas.png,authoritative,,,,featured image of portfolio:31309; 2 portfolio photos available
ulrich-scholz,Ulrich Scholz,1,34508,2016/06/NP-Scholz-screenshot.png,1080,720,si-own,Schiller Institute,https://schillerinstitute.com/wp-content/uploads/2016/06/NP-Scholz-screenshot.png,authoritative,,,,featured image of portfolio:34851; 2 portfolio photos available
fouad-al-ghaffari,Fouad Al-Ghaffari,1,34266,2016/06/Fouad-screenshot.png,,,si-own,Schiller Institute,https://schillerinstitute.com/wp-content/uploads/2016/06/Fouad-screenshot.png,authoritative,,,,featured image of portfolio:35441; 2 portfolio photos available
scott-ritter,Scott Ritter,2,,,,,,,,needs-review,"[{""id"": ""90259"", ""path"": ""2022/08/ritter_scott_2006.jpg"", ""score"": 41, ""why"": ""portrait/square"", ""w"": 200, ""h"": 229}, {""id"": ""94315"", ""path"": ""2023/01/Scott_Ritter_by_David_Shankbone-e1673580454772.jpg"", ""score"": 34, ""why"": ""portrait/square"", ""w"": 640, ""h"": 609}, {""id"": ""90730"", ""path"": ""2022/08/20220819-diane-ritter.jpg"", ""score"": 27, ""why"": """", ""w"": 1920, ""h"": 1080}, {""id"": ""90741"", ""path"": ""2022/08/diane-ritter.jpg"", ""score"": 27, ""why"": """", ""w"": 1920, ""h"": 1080}, {""id"": ""89819"", ""path"": ""2022/08/Ritter-oped-Schumer-attack-Sare.png"", ""score"": 14, ""why"": """", ""w"": 4063, ""h"": 2140}, {""id"": ""107192"", ""path"": ""2025/02/hzl-ritter-mcgovern-podium.jpg"", ""score"": 6, ""why"": ""-podium"", ""w"": 400, ""h"": 233}]",,,"6 filename candidates on surname ""ritter"""
george-tsobanoglou,George Tsobanoglou,1,1041,2012/12/20121124-tsobanoglou.jpg,,,si-own,Schiller Institute,https://schillerinstitute.com/wp-content/uploads/2012/12/20121124-tsobanoglou.jpg,authoritative,,,,featured image of portfolio:1032
аиман-рашед,АЙМАН РАШЕД,1,1055,2012/12/20121125-rsheed.jpg,,,si-own,Schiller Institute,https://schillerinstitute.com/wp-content/uploads/2012/12/20121125-rsheed.jpg,authoritative,,,,featured image of portfolio:1837
георгии-цобаноглу,ГЕОРГИЙ ЦОБАНОГЛУ,1,1041,2012/12/20121124-tsobanoglou.jpg,,,si-own,Schiller Institute,https://schillerinstitute.com/wp-content/uploads/2012/12/20121124-tsobanoglou.jpg,authoritative,,,,featured image of portfolio:1841
др-гелль,ДР. ГЁЛЛЬ,1,950,2012/12/20121124-guell.jpg,,,si-own,Schiller Institute,https://schillerinstitute.com/wp-content/uploads/2012/12/20121124-guell.jpg,authoritative,,,,featured image of portfolio:1845
john-scales-avery,John Scales Avery,0,,,,,,,,none,,,,no image in the library matches this surname
antonino-zichichi,Antonino Zichichi,0,,,,,,,,none,,,,no image in the library matches this surname
alfheidur-ingadottir,Álfheidur Ingadóttir,0,,,,,,,,none,,,,no image in the library matches this surname
mark-shelley-md,Mark Shelley,1,2215,2013/02/20130126-shelley.jpg,,,si-own,Schiller Institute,https://schillerinstitute.com/wp-content/uploads/2013/02/20130126-shelley.jpg,authoritative,,,,featured image of portfolio:2214
lynn-yen,Lynn Yen,1,2212,2013/02/20130126-yenn.jpg,,,si-own,Schiller Institute,https://schillerinstitute.com/wp-content/uploads/2013/02/20130126-yenn.jpg,authoritative,,,,featured image of portfolio:2348
ben-densiton,Ben Densiton,1,2666,2013/03/20130323-denniston.jpg,,,si-own,Schiller Institute,https://schillerinstitute.com/wp-content/uploads/2013/03/20130323-denniston.jpg,authoritative,,,,featured image of portfolio:3163
куи-цзянгон,Куй Цзянгон (Китай),1,2874,2013/04/20130413-cui-hongjian.jpg,,,si-own,Schiller Institute,https://schillerinstitute.com/wp-content/uploads/2013/04/20130413-cui-hongjian.jpg,authoritative,,,,featured image of portfolio:3269
андреи-фурсов,Андрей Фурсов,1,2986,2013/04/20130413-andrej-fursov.jpg,,,si-own,Schiller Institute,https://schillerinstitute.com/wp-content/uploads/2013/04/20130413-andrej-fursov.jpg,authoritative,,,,featured image of portfolio:3410
kirill-benediktov,Kirill Benediktov,1,3447,2013/05/20130413-kirill-benediktov5.jpg,,,si-own,Schiller Institute,https://schillerinstitute.com/wp-content/uploads/2013/05/20130413-kirill-benediktov5.jpg,authoritative,,,,featured image of portfolio:3446
michail-deljagin,Michail Deljagin,1,2899,2013/04/20130413-mikhael-dalyagin2.jpg,,,si-own,Schiller Institute,https://schillerinstitute.com/wp-content/uploads/2013/04/20130413-mikhael-dalyagin2.jpg,authoritative,,,,featured image of portfolio:3584
andrej-fursow,Andrej Fursow,1,2986,2013/04/20130413-andrej-fursov.jpg,,,si-own,Schiller Institute,https://schillerinstitute.com/wp-content/uploads/2013/04/20130413-andrej-fursov.jpg,authoritative,,,,featured image of portfolio:3621
robert-hux,Robert Hux,1,3661,2013/07/bob-hux-snapshot.jpg,,,si-own,Schiller Institute,https://schillerinstitute.com/wp-content/uploads/2013/07/bob-hux-snapshot.jpg,authoritative,,,,featured image of portfolio:3660
marcia-merry-baker,Marcia Merry Baker,1,3687,2013/07/marcia-snapshot.jpg,,,si-own,Schiller Institute,https://schillerinstitute.com/wp-content/uploads/2013/07/marcia-snapshot.jpg,authoritative,,,,featured image of portfolio:3686
frank-endres,Frank Endres,1,3693,2013/07/frank-endres-snapshot.jpg,,,si-own,Schiller Institute,https://schillerinstitute.com/wp-content/uploads/2013/07/frank-endres-snapshot.jpg,authoritative,,,,featured image of portfolio:3692
victor-chang,Victor Chang,1,3710,2013/07/victor-chang.jpg,,,si-own,Schiller Institute,https://schillerinstitute.com/wp-content/uploads/2013/07/victor-chang.jpg,authoritative,,,,featured image of portfolio:3709
megan-beets,Megan Beets,1,3744,2013/07/megan.jpg,,,si-own,Schiller Institute,https://schillerinstitute.com/wp-content/uploads/2013/07/megan.jpg,authoritative,,,,featured image of portfolio:3743
phil-rubinstein,Phil Rubinstein,1,3747,2013/07/phil.jpg,,,si-own,Schiller Institute,https://schillerinstitute.com/wp-content/uploads/2013/07/phil.jpg,authoritative,,,,featured image of portfolio:3746
leni-rubinstein,Leni Rubinstein,1,3891,2013/11/leni.jpg,1280,720,si-own,Schiller Institute,https://schillerinstitute.com/wp-content/uploads/2013/11/leni.jpg,authoritative,,,,featured image of portfolio:3887
howard-chang,Howard Chang,1,3899,2013/11/chang.jpg,1280,720,si-own,Schiller Institute,https://schillerinstitute.com/wp-content/uploads/2013/11/chang.jpg,authoritative,,,,featured image of portfolio:3898
ramtanu-maitra,Ramtanu Maitra,1,3916,2013/11/tanu.jpg,1280,720,si-own,Schiller Institute,https://schillerinstitute.com/wp-content/uploads/2013/11/tanu.jpg,authoritative,,,,featured image of portfolio:3913
ramsey-clark,Ramsey Clark,1,4853,2014/06/ramsey.jpg,,,si-own,Schiller Institute,https://schillerinstitute.com/wp-content/uploads/2014/06/ramsey.jpg,authoritative,,,,featured image of portfolio:4852
wayne-madsen,Wayne Madsen,1,4875,2014/06/wayne.jpg,,,si-own,Schiller Institute,https://schillerinstitute.com/wp-content/uploads/2014/06/wayne.jpg,authoritative,,,,featured image of portfolio:4874
eric-larsen,Eric Larsen,1,4886,2014/06/larsen.jpg,,,si-own,Schiller Institute,https://schillerinstitute.com/wp-content/uploads/2014/06/larsen.jpg,authoritative,,,,featured image of portfolio:4885
terry-strada,Terry Strada,1,4919,2014/06/terry.jpg,,,si-own,Schiller Institute,https://schillerinstitute.com/wp-content/uploads/2014/06/terry.jpg,authoritative,,,,featured image of portfolio:4918
neil-gallagher,Neil Gallagher,1,4930,2014/06/neil.jpg,,,si-own,Schiller Institute,https://schillerinstitute.com/wp-content/uploads/2014/06/neil.jpg,authoritative,,,,featured image of portfolio:4929
kesha-rogers,Kesha Rogers,1,4941,2014/06/kesha.jpg,,,si-own,Schiller Institute,https://schillerinstitute.com/wp-content/uploads/2014/06/kesha.jpg,authoritative,,,,featured image of portfolio:4940
anthony-morss,Anthony Morss,1,4952,2014/06/anthony.jpg,,,si-own,Schiller Institute,https://schillerinstitute.com/wp-content/uploads/2014/06/anthony.jpg,authoritative,,,,featured image of portfolio:4951
andrea-boland,Andrea Boland,1,4963,2014/06/andrea.jpg,,,si-own,Schiller Institute,https://schillerinstitute.com/wp-content/uploads/2014/06/andrea.jpg,authoritative,,,,featured image of portfolio:4962
nomi-prins,Nomi Prins,1,4974,2014/06/prins.jpg,,,si-own,Schiller Institute,https://schillerinstitute.com/wp-content/uploads/2014/06/prins.jpg,authoritative,,,,featured image of portfolio:4973
bao-shixiu,Bao Shixiu,1,5077,2014/06/col-bao.jpg,,,si-own,Schiller Institute,https://schillerinstitute.com/wp-content/uploads/2014/06/col-bao.jpg,authoritative,,,,featured image of portfolio:5076
fatemeh-haschemi-rafsandschani,Fatemeh Haschemi Rafsandschani,1,21557,2014/10/Hashemi-snapshot-01.png,640,360,si-own,Schiller Institute,https://schillerinstitute.com/wp-content/uploads/2014/10/Hashemi-snapshot-01.png,authoritative,,,,featured image of portfolio:21726
д-р-фатимa-хашеми,Д-р Фатимa Хашеми,1,21559,2014/10/Hashemi-snapshot-01.png,,,si-own,Schiller Institute,https://schillerinstitute.com/wp-content/uploads/2014/10/Hashemi-snapshot-01.png,authoritative,,,,featured image of portfolio:22559
антонио-галлони,Антонио Галлони,1,21813,2014/10/Galloni-snapshot-01.png,,,si-own,Schiller Institute,https://schillerinstitute.com/wp-content/uploads/2014/10/Galloni-snapshot-01.png,authoritative,,,,featured image of portfolio:22582
проф-д-р-у-вансо,Проф. д-р У Вансо,1,21630,2014/10/Wu-snapshot-01.png,,,si-own,Schiller Institute,https://schillerinstitute.com/wp-content/uploads/2014/10/Wu-snapshot-01.png,authoritative,,,,featured image of portfolio:22891
тони-кестнер,Тони Кестнер,1,22924,2014/11/kaestner-snapshot-01.png,,,si-own,Schiller Institute,https://schillerinstitute.com/wp-content/uploads/2014/11/kaestner-snapshot-01.png,authoritative,,,,featured image of portfolio:22933
cloret-carl-ferguson-on-friedrich-schiller,Cloret Carl Ferguson on Friedrich Schiller,1,23844,2015/01/ne-si-csc.jpg,,,si-own,Schiller Institute,https://schillerinstitute.com/wp-content/uploads/2015/01/ne-si-csc.jpg,authoritative,,,,featured image of portfolio:23843
ali-ahani,Ali Ahani,1,30023,2015/06/Ahani_01.jpg,,,si-own,Schiller Institute,https://schillerinstitute.com/wp-content/uploads/2015/06/Ahani_01.jpg,authoritative,,,,featured image of portfolio:30228
safieeldin-mohamed-metwally,Safieeldin Mohamed Metwally,1,30357,2015/06/metwally002.jpg,,,si-own,Schiller Institute,https://schillerinstitute.com/wp-content/uploads/2015/06/metwally002.jpg,authoritative,,,,featured image of portfolio:30365
maelle-mercier,Maëlle Mercier,1,31313,2015/06/Mercier.png,3216,1809,si-own,Schiller Institute,https://schillerinstitute.com/wp-content/uploads/2015/06/Mercier.png,authoritative,,,,featured image of portfolio:31311
mohqmed-metwally-博士,Mohqmed Metwally 博士,1,31351,2015/06/Metwally.jpg,300,199,si-own,Schiller Institute,https://schillerinstitute.com/wp-content/uploads/2015/06/Metwally.jpg,authoritative,,,,featured image of portfolio:31350
bouthaina-shaaban,Bouthaina Shaaban,1,34245,2016/06/Shabaan-screenshot.png,,,si-own,Schiller Institute,https://schillerinstitute.com/wp-content/uploads/2016/06/Shabaan-screenshot.png,authoritative,,,,featured image of portfolio:34244
sebastien-drochon,Sébastien Drochon,2,,,,,,,,needs-review,"[{""id"": ""56883"", ""path"": ""2019/11/Drochon2.jpg"", ""score"": 54, ""why"": ""filename is the surname"", ""w"": 960, ""h"": 720}, {""id"": ""56893"", ""path"": ""2019/11/Drochon1.jpg"", ""score"": 46, ""why"": ""filename is the surname"", ""w"": 850, ""h"": 531}, {""id"": ""56863"", ""path"": ""2019/11/Drochon3b.jpg"", ""score"": 41, ""why"": ""filename is the surname"", ""w"": 1024, ""h"": 577}, {""id"": ""56873"", ""path"": ""2019/11/Drochon3a.jpg"", ""score"": 41, ""why"": ""filename is the surname"", ""w"": 850, ""h"": 505}, {""id"": ""56853"", ""path"": ""2019/11/Drochon4.jpg"", ""score"": 26, ""why"": ""filename is the surname, banner-shaped"", ""w"": 942, ""h"": 460}]",,,"5 filename candidates on surname ""drochon"""
sebastien-perimony,Sébastien Périmony,0,,,,,,,,none,,,,no image in the library matches this surname
mana-boubakari,Mana Boubakari,0,,,,,,,,none,,,,no image in the library matches this surname
paul-bonnenfant,Paul Bonnenfant,0,,,,,,,,none,,,,no image in the library matches this surname
joycelyn-elders,Joycelyn Elders,2,,,,,,,,needs-review,"[{""id"": ""82339"", ""path"": ""2021/11/EldersPic3.jpg"", ""score"": 46, ""why"": ""portrait/square"", ""w"": 307, ""h"": 418}, {""id"": ""82308"", ""path"": ""2021/11/Dr.-Joycelyn-Elders_pic-106_800x1100-e1637703413428.jpg"", ""score"": 37, ""why"": ""portrait/square"", ""w"": 400, ""h"": 550}, {""id"": ""74935"", ""path"": ""2021/05/Joycelyn-Elderss-conf-pic-1.jpg"", ""score"": 36, ""why"": ""portrait/square"", ""w"": 1042, ""h"": 1050}, {""id"": ""74925"", ""path"": ""2021/05/Joycelyn-Elderss-conf-pic.jpg"", ""score"": 30, ""why"": ""portrait/square"", ""w"": 275, ""h"": 277}, {""id"": ""79813"", ""path"": ""2021/09/Elders-satcher.png"", ""score"": 24, ""why"": """", ""w"": 1280, ""h"": 720}, {""id"": ""74336"", ""path"": ""2021/05/Elders-HZL-DC-proj.jpg.png"", ""score"": 19, ""why"": """", ""w"": 2000, ""h"": 1126}]",,,"6 filename candidates on surname ""elders"""
kelvin-kemm-ph-d,Kelvin Kemm,0,,,,,,,,none,,,,surname too short to match filenames safely
ben-greenspan-m-d,Ben Greenspan,0,,,,,,,,none,,,,no image in the library matches this surname
state-senator-mike-thompson,Mike Thompson,2,,,,,,,,needs-review,"[{""id"": ""89453"", ""path"": ""2022/07/thompson-2.png"", ""score"": 46, ""why"": ""filename is the surname"", ""w"": 800, ""h"": 448}, {""id"": ""89432"", ""path"": ""2022/07/thompson.png"", ""score"": 40, ""why"": ""filename is the surname"", ""w"": 479, ""h"": 268}, {""id"": ""89443"", ""path"": ""2022/07/thompson-1.png"", ""score"": 40, ""why"": ""filename is the surname"", ""w"": 479, ""h"": 268}]",,,"3 filename candidates on surname ""thompson"""
mayor-david-castro,David Castro,2,,,,,,,,needs-review,"[{""id"": ""75642"", ""path"": ""2021/06/david-castro.png"", ""score"": 27, ""why"": """", ""w"": 781, ""h"": 433}]",,,"1 filename candidates on surname ""castro"""
andrey-kortunov,Andrey Kortunov,2,,,,,,,,needs-review,"[{""id"": ""83775"", ""path"": ""2022/01/kortunov-interview-square.jpg"", ""score"": 27, ""why"": """", ""w"": 831, ""h"": 720}, {""id"": ""83786"", ""path"": ""2022/01/kortunov-interview-square-2.jpg"", ""score"": 27, ""why"": """", ""w"": 831, ""h"": 720}, {""id"": ""79584"", ""path"": ""2021/09/Kortunov_Andrey_Russian-Affaris-Council.png"", ""score"": 15, ""why"": """", ""w"": 1280, ""h"": 720}]",,,"3 filename candidates on surname ""kortunov"""
clifford-kiracofe,Clifford Kiracofe,2,,,,,,,,needs-review,"[{""id"": ""2225"", ""path"": ""2013/02/20130126-kiracofe.jpg"", ""score"": 63, ""why"": ""filename is the surname, date+surname convention"", ""w"": 0, ""h"": 0}]",,,"1 filename candidates on surname ""kiracofe"""
william-c-jones,William C. Jones,2,,,,,,,,needs-review,"[{""id"": ""2035"", ""path"": ""2013/02/20130126-jones.jpg"", ""score"": 63, ""why"": ""filename is the surname, date+surname convention"", ""w"": 0, ""h"": 0}, {""id"": ""2525"", ""path"": ""/kunden/170065_55128/si/wordpress/wp-content/uploads/2013/02/20130126-jones.jpg"", ""score"": 63, ""why"": ""filename is the surname, date+surname convention"", ""w"": 0, ""h"": 0}, {""id"": ""32387"", ""path"": ""2015/10/bill-jones.jpg"", ""score"": 20, ""why"": """", ""w"": 0, ""h"": 0}, {""id"": ""2806"", ""path"": ""2013/04/20130413-walter-jones.jpg"", ""score"": 16, ""why"": """", ""w"": 0, ""h"": 0}, {""id"": ""3030"", ""path"": ""/kunden/170065_55128/si/wordpress/wp-content/uploads/2013/04/20130413-walter-jones.jpg"", ""score"": 16, ""why"": """", ""w"": 0, ""h"": 0}, {""id"": ""30239"", ""path"": ""2015/06/walter-jones.jpg"", ""score"": 16, ""why"": """", ""w"": 0, ""h"": 0}]",,,"6 filename candidates on surname ""jones"""
felipe-maruf-quintas,Felipe Maruf Quintas,0,,,,,,,,none,,,,no image in the library matches this surname
michel-cibot,Michel Cibot,0,,,,,,,,none,,,,no image in the library matches this surname
donald-ramotar,Donald Ramotar,2,,,,,,,,needs-review,"[{""id"": ""99032"", ""path"": ""2023/09/ramotar-donald13.jpg"", ""score"": 47, ""why"": ""portrait/square"", ""w"": 512, ""h"": 620}, {""id"": ""114598"", ""path"": ""2026/02/donald-ramotar.jpg"", ""score"": 41, ""why"": ""portrait/square"", ""w"": 250, ""h"": 250}]",,,"2 filename candidates on surname ""ramotar"""
georgy-toloraya,Georgy Toloraya,0,,,,,,,,none,,,,no image in the library matches this surname
robert-cushing,Robert Cushing,0,,,,,,,,none,,,,no image in the library matches this surname
raymond-mcgovern,Raymond McGovern,2,,,,,,,,needs-review,"[{""id"": ""84043"", ""path"": ""2022/01/Ray_McGovern-e1642598304959.jpg"", ""score"": 52, ""why"": ""portrait/square"", ""w"": 600, ""h"": 750}, {""id"": ""94431"", ""path"": ""2023/01/576px-Ray_McGovern-e1673751915919.jpg"", ""score"": 42, ""why"": ""portrait/square"", ""w"": 300, ""h"": 375}, {""id"": ""21853"", ""path"": ""2014/10/mcgovern.jpg"", ""score"": 38, ""why"": ""filename is the surname"", ""w"": 0, ""h"": 0}, {""id"": ""94775"", ""path"": ""2023/02/ray-mcgovern.jpg"", ""score"": 35, ""why"": """", ""w"": 1920, ""h"": 1280}, {""id"": ""94441"", ""path"": ""2023/01/576px-Ray_McGovern-1.jpg"", ""score"": 30, ""why"": """", ""w"": 1280, ""h"": 720}, {""id"": ""44933"", ""path"": ""2018/01/ray-mcgovern_0.jpg"", ""score"": 27, ""why"": """", ""w"": 0, ""h"": 0}]",,,"6 filename candidates on surname ""mcgovern"""
kiran-karnik,Kiran Karnik,0,,,,,,,,none,,,,no image in the library matches this surname
david-monyae,David Monyae,0,,,,,,,,none,,,,no image in the library matches this surname
ruben-guzzetti,Rubén Guzzetti,0,,,,,,,,none,,,,no image in the library matches this surname
franco-battaglia,Franco Battaglia,0,,,,,,,,none,,,,no image in the library matches this surname
akiko-mikamo,Akiko Mikamo,2,,,,,,,,needs-review,"[{""id"": ""111387"", ""path"": ""2025/08/webcast-HZL-Dr-Mikamo.jpg"", ""score"": 19, ""why"": """", ""w"": 1920, ""h"": 1080}]",,,"1 filename candidates on surname ""mikamo"""
prof-nbsp-steve-starr,Steve Starr,0,,,,,,,,none,,,,no image in the library matches this surname
dr-nbsp-chandra-muzzaffar,Chandra Muzzaffar,0,,,,,,,,none,,,,no image in the library matches this surname
sian-bloor,Sian Bloor,0,,,,,,,,none,,,,no image in the library matches this surname
vincenzo-romanello,Vincenzo Romanello,2,,,,,,,,needs-review,"[{""id"": ""108119"", ""path"": ""2025/03/Vincenzo-Romanello.jpg"", ""score"": 47, ""why"": ""portrait/square"", ""w"": 1080, ""h"": 1080}]",,,"1 filename candidates on surname ""romanello"""
harry-bury,Harry Bury,0,,,,,,,,none,,,,surname too short to match filenames safely
abbey-makoe,Abbey Makoe,0,,,,,,,,none,,,,no image in the library matches this surname
achim-bonatz,Achim Bonatz,0,,,,,,,,none,,,,no image in the library matches this surname
adrian-pearl,Adrian Pearl,2,,,,,,,,needs-review,"[{""id"": ""51800"", ""path"": ""2019/02/jen-pearl.jpg"", ""score"": 51, ""why"": ""portrait/square"", ""w"": 480, ""h"": 554}, {""id"": ""51810"", ""path"": ""2019/02/jen-pearl-i.jpg"", ""score"": 42, ""why"": ""portrait/square"", ""w"": 312, ""h"": 360}]",,,"2 filename candidates on surname ""pearl"""
alejandro-yaya,Alejandro Yaya,0,,,,,,,,none,,,,surname too short to match filenames safely
alexander-demissie,(cand.) Alexander Demissie,2,,,,,,,,needs-review,"[{""id"": ""44144"", ""path"": ""2017/12/SI-Alexander-Demissie.jpg"", ""score"": 14, ""why"": """", ""w"": 0, ""h"": 0}]",,,"1 filename candidates on surname ""demissie"""
alexander-k-bobrov,Alexander K. Bobrov,0,,,,,,,,none,,,,no image in the library matches this surname
alexey-boguslavskiy,Alexey Boguslavskiy,0,,,,,,,,none,,,,no image in the library matches this surname
alf-schmidt,Alf Schmidt,2,,,,,,,,needs-review,"[{""id"": ""89248"", ""path"": ""2022/07/Schmidt_Alf_German-Farm-leader-1.png"", ""score"": 24, ""why"": """", ""w"": 776, ""h"": 610}]",,,"1 filename candidates on surname ""schmidt"""
amna-malik,Amna Malik,0,,,,,,,,none,,,,no image in the library matches this surname
amzat-boukari-yabara,Amzat Boukari-Yabara,0,,,,,,,,none,,,,no image in the library matches this surname
anastasia-battle,Anastasia Battle,2,,,,,,,,needs-review,"[{""id"": ""69277"", ""path"": ""2021/02/571px-George_Washington_After_the_Battle_of_Princeton_-_Charles_Willson_Peale_-_Cleveland_Museum_of_Art_29746887513.jpg"", ""score"": 28, ""why"": ""portrait/square"", ""w"": 571, ""h"": 600}]",,,"1 filename candidates on surname ""battle"""
anatoly-antonov,Anatoly Antonov,2,,,,,,,,needs-review,"[{""id"": ""103512"", ""path"": ""2024/07/antonov.jpeg"", ""score"": 60, ""why"": ""filename is the surname, portrait/square"", ""w"": 196, ""h"": 258}]",,,"1 filename candidates on surname ""antonov"""
anika-telmanyi-lylloff,Anika Telmányi Lylloff,0,,,,,,,,none,,,,no image in the library matches this surname
anna-evstigneeva,Anna Evstigneeva,0,,,,,,,,none,,,,no image in the library matches this surname
antonella-banaudi,Antonella Banaudi,2,,,,,,,,needs-review,"[{""id"": ""3155"", ""path"": ""2013/05/20130413-banaudi-1.jpg"", ""score"": 63, ""why"": ""filename is the surname, date+surname convention"", ""w"": 0, ""h"": 0}, {""id"": ""3159"", ""path"": ""2013/05/20130413-banaudi-2.jpg"", ""score"": 63, ""why"": ""filename is the surname, date+surname convention"", ""w"": 0, ""h"": 0}, {""id"": ""3527"", ""path"": ""2013/05/20130413-banaudi-11.jpg"", ""score"": 63, ""why"": ""filename is the surname, date+surname convention"", ""w"": 0, ""h"": 0}, {""id"": ""3530"", ""path"": ""2013/05/20130413-banaudi-21.jpg"", ""score"": 63, ""why"": ""filename is the surname, date+surname convention"", ""w"": 0, ""h"": 0}, {""id"": ""4141"", ""path"": ""/kunden/170065_55128/si/wordpress/wp-content/uploads/2013/05/20130413-banaudi-1.jpg"", ""score"": 63, ""why"": ""filename is the surname, date+surname convention"", ""w"": 0, ""h"": 0}, {""id"": ""4143"", ""path"": ""/kunden/170065_55128/si/wordpress/wp-content/uploads/2013/05/20130413-banaudi-2.jpg"", ""score"": 63, ""why"": ""filename is the surname, date+surname convention"", ""w"": 0, ""h"": 0}]",,,"6 filename candidates on surname ""banaudi"""
areej-atef,Areej Atef,0,,,,,,,,none,,,,surname too short to match filenames safely
armin-azima,Armin Azima,2,,,,,,,,needs-review,"[{""id"": ""48069"", ""path"": ""2018/07/Azima2.jpg"", ""score"": 66, ""why"": ""filename is the surname, portrait/square"", ""w"": 438, ""h"": 563}, {""id"": ""48109"", ""path"": ""2018/07/Azima6.jpg"", ""score"": 66, ""why"": ""filename is the surname, portrait/square"", ""w"": 572, ""h"": 533}, {""id"": ""48089"", ""path"": ""2018/07/Azima4.jpg"", ""score"": 46, ""why"": ""filename is the surname"", ""w"": 1088, ""h"": 721}, {""id"": ""48099"", ""path"": ""2018/07/Azima5.jpg"", ""score"": 46, ""why"": ""filename is the surname"", ""w"": 1077, ""h"": 748}, {""id"": ""48079"", ""path"": ""2018/07/Azima3.jpg"", ""score"": 40, ""why"": ""filename is the surname"", ""w"": 642, ""h"": 391}, {""id"": ""48119"", ""path"": ""2018/07/Azima7.jpg"", ""score"": 20, ""why"": ""filename is the surname, banner-shaped"", ""w"": 1107, ""h"": 378}]",,,"6 filename candidates on surname ""azima"""
ashley-tran,Ashley Tran,0,,,,,,,,none,,,,surname too short to match filenames safely
atul-aneja,Atul Aneja,0,,,,,,,,none,,,,no image in the library matches this surname
augustinus-berkhout,Augustinus Berkhout,2,,,,,,,,needs-review,"[{""id"": ""82201"", ""path"": ""2021/11/Guus-Berkhout-Cropped.png"", ""score"": 36, ""why"": ""portrait/square"", ""w"": 275, ""h"": 275}]",,,"1 filename candidates on surname ""berkhout"""
benjamin-lylloff,Benjamin Lylloff,0,,,,,,,,none,,,,no image in the library matches this surname
bill-bullard,Bill Bullard,2,,,,,,,,needs-review,"[{""id"": ""89403"", ""path"": ""2022/07/Bullard_Tractors-on-street.png"", ""score"": 18, ""why"": """", ""w"": 4193, ""h"": 2212}, {""id"": ""89413"", ""path"": ""2022/07/Bullard-w-tractors-on-street.png"", ""score"": 17, ""why"": """", ""w"": 3851, ""h"": 2187}]",,,"2 filename candidates on surname ""bullard"""
billy-anders-estime,Billy Anders Estimé,0,,,,,,,,none,,,,no image in the library matches this surname
boris-meshchanov,Boris Meshchanov,0,,,,,,,,none,,,,no image in the library matches this surname
bradley-blankenship,Bradley Blankenship,0,,,,,,,,none,,,,no image in the library matches this surname
breno-hermann,Breno Hermann,2,,,,,,,,needs-review,"[{""id"": ""23707"", ""path"": ""2014/12/ne_si_hermann.jpg"", ""score"": 23, ""why"": """", ""w"": 0, ""h"": 0}]",,,"1 filename candidates on surname ""hermann"""
brian-harvey,Brian Harvey,0,,,,,,,,none,,,,no image in the library matches this surname
bruce-director,Bruce Director,2,,,,,,,,needs-review,"[{""id"": ""67897"", ""path"": ""2021/02/800px-Anthony_S._Fauci_M.D._NIAID_Director_49673229463.jpg"", ""score"": 16, ""why"": """", ""w"": 800, ""h"": 533}]",,,"1 filename candidates on surname ""director"""
carolina-dominguez-cisneros,Carolina Domínguez Cisneros,0,,,,,,,,none,,,,no image in the library matches this surname
celeste-saenz-de-miera,Celeste Sáenz de Miera,0,,,,,,,,none,,,,no image in the library matches this surname
chen-xiaohan,Chen Xiaohan,0,,,,,,,,none,,,,no image in the library matches this surname
cherine-sultan,Chérine Sultan,0,,,,,,,,none,,,,no image in the library matches this surname
christen-sorensen,Christen Sørensen,0,,,,,,,,none,,,,no image in the library matches this surname
claudio-giudici,Claudio Giudici,0,,,,,,,,none,,,,no image in the library matches this surname
conductor-ingo-bathow,Ingo Bathow,2,,,,,,,,needs-review,"[{""id"": ""36604"", ""path"": ""2016/07/BathowDirigentChina.jpg"", ""score"": 10, ""why"": """", ""w"": 0, ""h"": 0}]",,,"1 filename candidates on surname ""bathow"""
conductor-irina-freitag,Irina Freitag,0,,,,,,,,none,,,,no image in the library matches this surname
cornelia-pretorius,Cornelia Pretorius,0,,,,,,,,none,,,,no image in the library matches this surname
costas-tsourakis,Costas Tsourakis,0,,,,,,,,none,,,,no image in the library matches this surname
daniel-marmolejo,Daniel Marmolejo,2,,,,,,,,needs-review,"[{""id"": ""72104"", ""path"": ""2021/04/marmolejo_daniel_3-20-21.jpg"", ""score"": 30, ""why"": """", ""w"": 1680, ""h"": 1050}]",,,"1 filename candidates on surname ""marmolejo"""
daqi-fan,Daqi Fan,0,,,,,,,,none,,,,surname too short to match filenames safely
david-t-pyne,David T. Pyne,0,,,,,,,,none,,,,surname too short to match filenames safely
denise-rainey,Denise Rainey,0,,,,,,,,none,,,,no image in the library matches this surname
dennis-speed,Dennis Speed,2,,,,,,,,needs-review,"[{""id"": ""63093"", ""path"": ""2020/10/high-speed.jpg"", ""score"": 48, ""why"": ""portrait/square"", ""w"": 631, ""h"": 930}, {""id"": ""62727"", ""path"": ""2020/09/china_high_speed_rail.jpg"", ""score"": 17, ""why"": """", ""w"": 1200, ""h"": 718}, {""id"": ""44484"", ""path"": ""2017/12/SI-china-highspeedrail-construction.jpg"", ""score"": 12, ""why"": """", ""w"": 720, ""h"": 405}, {""id"": ""65505"", ""path"": ""2020/12/Beijing–_Guangzhou–_Shenzhen–_Hong-Kong-high-speed-railway-scaled.jpg"", ""score"": 9, ""why"": """", ""w"": 2560, ""h"": 1709}, {""id"": ""18502"", ""path"": ""2014/09/China-highspeedrail-Lars-Plougmann.jpg"", ""score"": 4, ""why"": """", ""w"": 0, ""h"": 0}, {""id"": ""18540"", ""path"": ""2014/09/China-highspeedrail-Lars-Plougmann-small.jpg"", ""score"": 3, ""why"": """", ""w"": 0, ""h"": 0}]",,,"6 filename candidates on surname ""speed"""
ding-yifan,Ding Yifan,0,,,,,,,,none,,,,no image in the library matches this surname
dmitri-trenin,Dmitri Trenin,2,,,,,,,,needs-review,"[{""id"": ""114588"", ""path"": ""2026/02/dmitri-trenin.jpg"", ""score"": 40, ""why"": ""portrait/square"", ""w"": 250, ""h"": 250}]",,,"1 filename candidates on surname ""trenin"""
dmitriy-polyanskiy,Dmitriy Polyanskiy,2,,,,,,,,needs-review,"[{""id"": ""112864"", ""path"": ""2025/11/PolyanskIY.png"", ""score"": 46, ""why"": ""filename is the surname"", ""w"": 1366, ""h"": 768}]",,,"1 filename candidates on surname ""polyanskiy"""
domingo-reyes,Domingo Reyes (Dominican Republic),2,,,,,,,,needs-review,"[{""id"": ""51683"", ""path"": ""2019/01/Czech_Republic_Flag_01.jpg"", ""score"": 24, ""why"": """", ""w"": 900, ""h"": 600}, {""id"": ""51693"", ""path"": ""2019/01/Czech_Republic_Flag_02.png"", ""score"": 24, ""why"": """", ""w"": 900, ""h"": 600}, {""id"": ""51628"", ""path"": ""2019/01/800px-Flag_of_the_Czech_Republic_5-3.svg_.png"", ""score"": 17, ""why"": """", ""w"": 800, ""h"": 480}]",,,"3 filename candidates on surname ""republic"""
dusko-dimitrijevic,Duško Dimitrijević,2,,,,,,,,needs-review,"[{""id"": ""48139"", ""path"": ""2018/07/dimitrijevic1.jpg"", ""score"": 46, ""why"": ""filename is the surname"", ""w"": 600, ""h"": 400}, {""id"": ""48149"", ""path"": ""2018/07/dimitrijevic2.jpg"", ""score"": 40, ""why"": ""filename is the surname"", ""w"": 400, ""h"": 230}, {""id"": ""48159"", ""path"": ""2018/07/dimitrijevic3.jpg"", ""score"": 20, ""why"": ""filename is the surname, banner-shaped"", ""w"": 600, ""h"": 160}]",,,"3 filename candidates on surname ""dimitrijevic"""
earl-rasmussen,Earl Rasmussen,0,,,,,,,,none,,,,no image in the library matches this surname
ed-calabrese,Ed Calabrese,0,,,,,,,,none,,,,no image in the library matches this surname
elisabeth-murray,Elisabeth Murray,0,,,,,,,,none,,,,no image in the library matches this surname
elison-karuhanga,Elison Karuhanga,0,,,,,,,,none,,,,no image in the library matches this surname
emanuel-hohener,Emanuel Höhener,0,,,,,,,,none,,,,no image in the library matches this surname
eric-walcott-director,Eric Walcott – Director,2,,,,,,,,needs-review,"[{""id"": ""67897"", ""path"": ""2021/02/800px-Anthony_S._Fauci_M.D._NIAID_Director_49673229463.jpg"", ""score"": 16, ""why"": """", ""w"": 800, ""h"": 533}]",,,"1 filename candidates on surname ""director"""
ernest-johnson,Ernest Johnson,2,,,,,,,,needs-review,"[{""id"": ""68619"", ""path"": ""2021/02/boris-johnson.jpg"", ""score"": 29, ""why"": """", ""w"": 1024, ""h"": 698}, {""id"": ""87540"", ""path"": ""2022/05/Johnson_Fumio-Kishida-.jpg"", ""score"": 20, ""why"": """", ""w"": 1674, ""h"": 989}, {""id"": ""114936"", ""path"": ""2026/02/Larry-Johnson-interview.jpg"", ""score"": 19, ""why"": """", ""w"": 1280, ""h"": 720}, {""id"": ""106789"", ""path"": ""2025/02/Webcast-Feb-5-Larry-Johnson.jpg"", ""score"": 18, ""why"": """", ""w"": 1920, ""h"": 1080}, {""id"": ""67715"", ""path"": ""2021/01/Dave_Johnson_coal-fired_power_plant_central_Wyoming.jpg"", ""score"": 12, ""why"": """", ""w"": 1552, ""h"": 932}, {""id"": ""24357"", ""path"": ""2015/01/martin_luther_king_jr-_and_lyndon_johnson_large.jpg"", ""score"": 5, ""why"": """", ""w"": 0, ""h"": 0}]",,,"6 filename candidates on surname ""johnson"""
eugene-thamon-simpson,Eugene Thamon Simpson,0,,,,,,,,none,,,,no image in the library matches this surname
everett-suttle,Everett Suttle,0,,,,,,,,none,,,,no image in the library matches this surname
faiyaz-murshid-kazi,Faiyaz Murshid Kazi,0,,,,,,,,none,,,,surname too short to match filenames safely
folker-hellmeyer,Folker Hellmeyer,0,,,,,,,,none,,,,no image in the library matches this surname
franklin-mireri,Franklin Mireri,0,,,,,,,,none,,,,no image in the library matches this surname
fred-m-membe,Fred M'membe,2,,,,,,,,needs-review,"[{""id"": ""831"", ""path"": ""2025/11/team-member-2.webp"", ""score"": 50, ""why"": ""portrait/square"", ""w"": 450, ""h"": 675}, {""id"": ""832"", ""path"": ""2025/11/team-member-3.webp"", ""score"": 50, ""why"": ""portrait/square"", ""w"": 450, ""h"": 675}, {""id"": ""834"", ""path"": ""2025/11/team-member-4.webp"", ""score"": 50, ""why"": ""portrait/square"", ""w"": 450, ""h"": 675}, {""id"": ""835"", ""path"": ""2025/11/team-member-5.webp"", ""score"": 50, ""why"": ""portrait/square"", ""w"": 450, ""h"": 675}, {""id"": ""836"", ""path"": ""2025/11/team-member-6.webp"", ""score"": 50, ""why"": ""portrait/square"", ""w"": 450, ""h"": 675}, {""id"": ""852"", ""path"": ""2025/11/team-member-1.webp"", ""score"": 50, ""why"": ""portrait/square"", ""w"": 450, ""h"": 675}]",,,"6 filename candidates on surname ""mmembe"""
geoff-young,Geoff Young,2,,,,,,,,needs-review,"[{""id"": ""36657"", ""path"": ""2016/07/Chanyoung-Lee.jpg"", ""score"": 14, ""why"": """", ""w"": 0, ""h"": 0}]",,,"1 filename candidates on surname ""young"""
george-koo,George Koo,0,,,,,,,,none,,,,surname too short to match filenames safely
glenn-diesen,Glenn Diesen,0,,,,,,,,none,,,,no image in the library matches this surname
gretchen-small,Gretchen Small,2,,,,,,,,needs-review,"[{""id"": ""2658"", ""path"": ""2013/03/20130323-small.jpg"", ""score"": 63, ""why"": ""filename is the surname, date+surname convention"", ""w"": 0, ""h"": 0}, {""id"": ""3209"", ""path"": ""/kunden/170065_55128/si/wordpress/wp-content/uploads/2013/03/20130323-small.jpg"", ""score"": 63, ""why"": ""filename is the surname, date+surname convention"", ""w"": 0, ""h"": 0}, {""id"": ""57103"", ""path"": ""2019/11/Small1.jpg"", ""score"": 54, ""why"": ""filename is the surname"", ""w"": 1016, ""h"": 738}, {""id"": ""57113"", ""path"": ""2019/11/Small2.jpg"", ""score"": 54, ""why"": ""filename is the surname"", ""w"": 686, ""h"": 499}, {""id"": ""57123"", ""path"": ""2019/11/Small3.jpg"", ""score"": 54, ""why"": ""filename is the surname"", ""w"": 752, ""h"": 546}, {""id"": ""57133"", ""path"": ""2019/11/Small4.jpg"", ""score"": 54, ""why"": ""filename is the surname"", ""w"": 850, ""h"": 618}]",,,"6 filename candidates on surname ""small"""
grussworte-von-lynne-speed,Grußworte von Lynne Speed,2,,,,,,,,needs-review,"[{""id"": ""63093"", ""path"": ""2020/10/high-speed.jpg"", ""score"": 48, ""why"": ""portrait/square"", ""w"": 631, ""h"": 930}, {""id"": ""62727"", ""path"": ""2020/09/china_high_speed_rail.jpg"", ""score"": 17, ""why"": """", ""w"": 1200, ""h"": 718}, {""id"": ""44484"", ""path"": ""2017/12/SI-china-highspeedrail-construction.jpg"", ""score"": 12, ""why"": """", ""w"": 720, ""h"": 405}, {""id"": ""65505"", ""path"": ""2020/12/Beijing–_Guangzhou–_Shenzhen–_Hong-Kong-high-speed-railway-scaled.jpg"", ""score"": 9, ""why"": """", ""w"": 2560, ""h"": 1709}, {""id"": ""18502"", ""path"": ""2014/09/China-highspeedrail-Lars-Plougmann.jpg"", ""score"": 4, ""why"": """", ""w"": 0, ""h"": 0}, {""id"": ""18540"", ""path"": ""2014/09/China-highspeedrail-Lars-Plougmann-small.jpg"", ""score"": 3, ""why"": """", ""w"": 0, ""h"": 0}]",,,"6 filename candidates on surname ""speed"""
ha-b-pe-o,Натлья Витренко,0,,,,,,,,none,,,,surname too short to match filenames safely
haidar-al-fuadi-al-atabe,Haidar Al-Fuadi Al-Atabe,0,,,,,,,,none,,,,no image in the library matches this surname
hans-christof-von-sponeck,Hans-Christof von Sponeck,2,,,,,,,,needs-review,"[{""id"": ""114608"", ""path"": ""2026/02/hans-von-sponeck.jpg"", ""score"": 48, ""why"": ""portrait/square"", ""w"": 250, ""h"": 245}]",,,"1 filename candidates on surname ""vonsponeck"""
hans-kochler,Hans Köchler,2,,,,,,,,needs-review,"[{""id"": ""74108"", ""path"": ""2021/05/hans-kochler-e1620834865317.jpeg"", ""score"": 23, ""why"": """", ""w"": 300, ""h"": 168}, {""id"": ""74120"", ""path"": ""2021/05/hans-kochler.jpeg.jpg"", ""score"": 18, ""why"": """", ""w"": 512, ""h"": 342}]",,,"2 filename candidates on surname ""kochler"""
hans-von-helldorff,Hans von Helldorff,0,,,,,,,,none,,,,no image in the library matches this surname
hisham-sharaf,Hisham Sharaf,2,,,,,,,,needs-review,"[{""id"": ""70815"", ""path"": ""2021/03/sharaf_hisham_3-21-21.jpg"", ""score"": 26, ""why"": """", ""w"": 1680, ""h"": 1050}, {""id"": ""33961"", ""path"": ""2016/03/sharaf-hussein.jpg"", ""score"": 16, ""why"": """", ""w"": 0, ""h"": 0}, {""id"": ""68373"", ""path"": ""2021/02/Omran_Sharaf_at_Hope_Scientific_Mission_Announcement_Event.jpg"", ""score"": 10, ""why"": """", ""w"": 800, ""h"": 544}]",,,"3 filename candidates on surname ""sharaf"""
horst-joachim-ludecke,Horst-Joachim Lüdecke,0,,,,,,,,none,,,,no image in the library matches this surname
hossein-mousavian,Hossein Mousavian,0,,,,,,,,none,,,,no image in the library matches this surname
huang-ping,Huang Ping,0,,,,,,,,none,,,,surname too short to match filenames safely
iliad-alexander-terra,Iliad Alexander Terra,2,,,,,,,,needs-review,"[{""id"": ""71743"", ""path"": ""2021/04/Indias-Energy-Minister-Raj-Kumar-Singh.jpg"", ""score"": 20, ""why"": """", ""w"": 1194, ""h"": 926}]",,,"1 filename candidates on surname ""terra"""
indira-mahajan,Indira Mahajan,0,,,,,,,,none,,,,no image in the library matches this surname
ivo-christov,Ivo Christov,2,,,,,,,,needs-review,"[{""id"": ""48035"", ""path"": ""2018/07/christov1.jpg"", ""score"": 46, ""why"": ""filename is the surname"", ""w"": 920, ""h"": 510}, {""id"": ""48045"", ""path"": ""2018/07/christov2.jpg"", ""score"": 46, ""why"": ""filename is the surname"", ""w"": 920, ""h"": 530}, {""id"": ""48055"", ""path"": ""2018/07/christov3.jpg"", ""score"": 46, ""why"": ""filename is the surname"", ""w"": 920, ""h"": 545}]",,,"3 filename candidates on surname ""christov"""
jacques-hogard,Jacques Hogard,0,,,,,,,,none,,,,no image in the library matches this surname
james-george-jatras,James George Jatras,2,,,,,,,,needs-review,"[{""id"": ""84115"", ""path"": ""2022/01/jatras-plain.jpg"", ""score"": 27, ""why"": """", ""w"": 1024, ""h"": 576}]",,,"1 filename candidates on surname ""jatras"""
jan-carnogursky,Ján Čarnogurský (Slovakia),0,,,,,,,,none,,,,no image in the library matches this surname
jay-naidoo,Jay Naidoo,0,,,,,,,,none,,,,no image in the library matches this surname
jerome-ravenet,Jérôme Ravenet,0,,,,,,,,none,,,,no image in the library matches this surname
jhonny-estor,Jhonny Estor,0,,,,,,,,none,,,,no image in the library matches this surname
joe-maxwell,Joe Maxwell,0,,,,,,,,none,,,,no image in the library matches this surname
john-gong,John Gong,0,,,,,,,,none,,,,surname too short to match filenames safely
john-sigerson,John Sigerson,2,,,,,,,,needs-review,"[{""id"": ""2209"", ""path"": ""2013/02/20130126-sigerson.jpg"", ""score"": 63, ""why"": ""filename is the surname, date+surname convention"", ""w"": 0, ""h"": 0}, {""id"": ""3135"", ""path"": ""2013/05/20130413-sigerson-adelaide.jpg"", ""score"": 18, ""why"": """", ""w"": 0, ""h"": 0}, {""id"": ""3538"", ""path"": ""2013/05/20130413-sigerson-adelaide1.jpg"", ""score"": 18, ""why"": """", ""w"": 0, ""h"": 0}, {""id"": ""4133"", ""path"": ""/kunden/170065_55128/si/wordpress/wp-content/uploads/2013/05/20130413-sigerson-adelaide.jpg"", ""score"": 18, ""why"": """", ""w"": 0, ""h"": 0}]",,,"4 filename candidates on surname ""sigerson"""
jose-vega,Jose Vega,0,,,,,,,,none,,,,surname too short to match filenames safely
jozef-miklosko,Jozef Mikloško (Slovak Republic),2,,,,,,,,needs-review,"[{""id"": ""51683"", ""path"": ""2019/01/Czech_Republic_Flag_01.jpg"", ""score"": 24, ""why"": """", ""w"": 900, ""h"": 600}, {""id"": ""51693"", ""path"": ""2019/01/Czech_Republic_Flag_02.png"", ""score"": 24, ""why"": """", ""w"": 900, ""h"": 600}, {""id"": ""51628"", ""path"": ""2019/01/800px-Flag_of_the_Czech_Republic_5-3.svg_.png"", ""score"": 17, ""why"": """", ""w"": 800, ""h"": 480}]",,,"3 filename candidates on surname ""republic"""
julio-de-vido,Julio De Vido,2,,,,,,,,needs-review,"[{""id"": ""97632"", ""path"": ""2023/07/Julio-De-Vido-Argentia.png"", ""score"": 38, ""why"": ""portrait/square"", ""w"": 665, ""h"": 756}]",,,"1 filename candidates on surname ""devido"""
jurgen-schottle,Jürgen Schöttle,0,,,,,,,,none,,,,no image in the library matches this surname
kevin-thompson,Kevin Thompson,2,,,,,,,,needs-review,"[{""id"": ""89453"", ""path"": ""2022/07/thompson-2.png"", ""score"": 46, ""why"": ""filename is the surname"", ""w"": 800, ""h"": 448}, {""id"": ""89432"", ""path"": ""2022/07/thompson.png"", ""score"": 40, ""why"": ""filename is the surname"", ""w"": 479, ""h"": 268}, {""id"": ""89443"", ""path"": ""2022/07/thompson-1.png"", ""score"": 40, ""why"": ""filename is the surname"", ""w"": 479, ""h"": 268}]",,,"3 filename candidates on surname ""thompson"""
khadijah-lang,Khadijah Lang,0,,,,,,,,none,,,,surname too short to match filenames safely
kirk-wiebe,Kirk Wiebe,0,,,,,,,,none,,,,no image in the library matches this surname
kwame-cole,Kwame Cole,0,,,,,,,,none,,,,surname too short to match filenames safely
kynan-thistlethwaite,Kynan Thistlethwaite,0,,,,,,,,none,,,,no image in the library matches this surname
leevke-hinrichs,Leevke Hinrichs,0,,,,,,,,none,,,,no image in the library matches this surname
liliana-gorini,Liliana Gorini,0,,,,,,,,none,,,,no image in the library matches this surname
linda-childs,Linda Childs,0,,,,,,,,none,,,,no image in the library matches this surname
lisa-bryce,Lisa Bryce,0,,,,,,,,none,,,,no image in the library matches this surname
lissie-brobjerg,Lissie Brobjerg,0,,,,,,,,none,,,,no image in the library matches this surname
liu-haifang,Liu Haifang,0,,,,,,,,none,,,,no image in the library matches this surname
liu-qiang,Liu Qiang,0,,,,,,,,none,,,,no image in the library matches this surname
madison-tang,Madison Tang,0,,,,,,,,none,,,,surname too short to match filenames safely
major-florian-d-pfaff,Major Florian D. Pfaff,0,,,,,,,,none,,,,no image in the library matches this surname
major-general-peter-clegg,Major General (ret.) Peter Clegg,0,,,,,,,,none,,,,no image in the library matches this surname
manuel-hassassian,Manuel Hassassian,2,,,,,,,,needs-review,"[{""id"": ""113714"", ""path"": ""2025/12/Hassassian-Copenhagen.jpg"", ""score"": 26, ""why"": """", ""w"": 1280, ""h"": 720}, {""id"": ""101686"", ""path"": ""2024/04/botschafter-manuel-hassassian.jpg"", ""score"": 22, ""why"": """", ""w"": 250, ""h"": 226}]",,,"2 filename candidates on surname ""hassassian"""
marcelo-munoz,Marcelo Muñoz,0,,,,,,,,none,,,,no image in the library matches this surname
mariana-tian,Mariana TIAN,0,,,,,,,,none,,,,surname too short to match filenames safely
megan-dobrodt,Megan Dobrodt,0,,,,,,,,none,,,,no image in the library matches this surname
meifang-zhang,Meifang Zhang,2,,,,,,,,needs-review,"[{""id"": ""114567"", ""path"": ""2026/02/zhang-weiwei.jpg"", ""score"": 38, ""why"": ""portrait/square"", ""w"": 250, ""h"": 250}, {""id"": ""41897"", ""path"": ""2017/07/Berlin-conference-prof-Zhang.jpg"", ""score"": 8, ""why"": """", ""w"": 710, ""h"": 399}]",,,"2 filename candidates on surname ""zhang"""
michael-grundler,Michael Gründler,0,,,,,,,,none,,,,no image in the library matches this surname
michael-limburg,Michael Limburg,0,,,,,,,,none,,,,no image in the library matches this surname
michele-geraci,Michele Geraci,2,,,,,,,,needs-review,"[{""id"": ""52518"", ""path"": ""2019/03/hzl-geraci-italia.jpg"", ""score"": 22, ""why"": """", ""w"": 1280, ""h"": 720}, {""id"": ""52508"", ""path"": ""2019/03/celani-geraci.jpg"", ""score"": 20, ""why"": """", ""w"": 640, ""h"": 360}]",,,"2 filename candidates on surname ""geraci"""
mike-callicrate,Mike Callicrate,2,,,,,,,,needs-review,"[{""id"": ""60913"", ""path"": ""2020/06/Callicrate1.jpg"", ""score"": 46, ""why"": ""filename is the surname"", ""w"": 950, ""h"": 535}, {""id"": ""60923"", ""path"": ""2020/06/Callicrate2.jpg"", ""score"": 46, ""why"": ""filename is the surname"", ""w"": 1079, ""h"": 714}, {""id"": ""60933"", ""path"": ""2020/06/Callicrate3.jpg"", ""score"": 46, ""why"": ""filename is the surname"", ""w"": 1014, ""h"": 522}]",,,"3 filename candidates on surname ""callicrate"""
mike-campbell,Mike Campbell,0,,,,,,,,none,,,,no image in the library matches this surname
mike-robinson,Mike Robinson,2,,,,,,,,needs-review,"[{""id"": ""40730"", ""path"": ""2012/12/Renaissance-Robinson-1.jpg"", ""score"": 14, ""why"": """", ""w"": 0, ""h"": 0}, {""id"": ""40581"", ""path"": ""2017/04/Profile-Circle-Legacy-Page-Robinson.jpg"", ""score"": 8, ""why"": """", ""w"": 0, ""h"": 0}]",,,"2 filename candidates on surname ""robinson"""
moderator-claudio-celani,Claudio Celani,2,,,,,,,,needs-review,"[{""id"": ""75322"", ""path"": ""2021/06/Screeshots-by-Claudio-Celani-EIRNS.png"", ""score"": 22, ""why"": """", ""w"": 940, ""h"": 788}, {""id"": ""52508"", ""path"": ""2019/03/celani-geraci.jpg"", ""score"": 20, ""why"": """", ""w"": 640, ""h"": 360}]",,,"2 filename candidates on surname ""celani"""
moderator-stephan-ossenkopp,Stephan Ossenkopp,0,,,,,,,,none,,,,no image in the library matches this surname
mohammed-bila,Mohammed Bila,0,,,,,,,,none,,,,surname too short to match filenames safely
my-hoa-steger,My-Hoa Steger,0,,,,,,,,none,,,,no image in the library matches this surname
nader-majd,Nader Majd,0,,,,,,,,none,,,,surname too short to match filenames safely
naledi-pandor,Naledi Pandor,2,,,,,,,,needs-review,"[{""id"": ""114557"", ""path"": ""2026/02/naledi-pandor.jpg"", ""score"": 40, ""why"": ""portrait/square"", ""w"": 250, ""h"": 250}, {""id"": ""90079"", ""path"": ""2022/08/So-Africa-For-Min-Grace-Naledi-Mandisa-Pandor.jpg"", ""score"": 26, ""why"": ""portrait/square"", ""w"": 299, ""h"": 385}]",,,"2 filename candidates on surname ""pandor"""
nicola-scafetta,Nicola Scafetta,2,,,,,,,,needs-review,"[{""id"": ""74990"", ""path"": ""2021/05/scafetta_nicola.jpg"", ""score"": 28, ""why"": """", ""w"": 1680, ""h"": 1050}]",,,"1 filename candidates on surname ""scafetta"""
nicole-phrang,Nicole Phrang,0,,,,,,,,none,,,,no image in the library matches this surname
nie-lei,Nie Lei,0,,,,,,,,none,,,,surname too short to match filenames safely
nikolay-megits,Nikolay Megits,0,,,,,,,,none,,,,no image in the library matches this surname
nuraly-bekturganov,Nuraly Bekturganov,0,,,,,,,,none,,,,no image in the library matches this surname
p-a-e-xa-e,Д-р Фатиме Хашеми,0,,,,,,,,none,,,,surname too short to match filenames safely
pakdee-tanapura,Pakdee Tanapura,0,,,,,,,,none,,,,no image in the library matches this surname
par-moni-abdullah,par Moni Abdullah,2,,,,,,,,needs-review,"[{""id"": ""100551"", ""path"": ""2024/01/international-court-justice_abdullah-asiran-anadolu-agency-getty-scaled-1.jpg"", ""score"": 11, ""why"": """", ""w"": 2560, ""h"": 1707}]",,,"1 filename candidates on surname ""abdullah"""
paul-driessen,Paul Driessen,2,,,,,,,,needs-review,"[{""id"": ""66495"", ""path"": ""2021/01/driessen.png"", ""score"": 66, ""why"": ""filename is the surname, portrait/square"", ""w"": 866, ""h"": 866}, {""id"": ""66509"", ""path"": ""2021/01/driessen-2.jpg"", ""score"": 66, ""why"": ""filename is the surname, portrait/square"", ""w"": 882, ""h"": 882}]",,,"2 filename candidates on surname ""driessen"""
pedro-pinho,Pedro Pinho,0,,,,,,,,none,,,,no image in the library matches this surname
pedro-rubio,Pedro Rubio,0,,,,,,,,none,,,,no image in the library matches this surname
pino-arlacchi,Pino Arlacchi,2,,,,,,,,needs-review,"[{""id"": ""78045"", ""path"": ""2021/08/Arlacchi.png"", ""score"": 46, ""why"": ""filename is the surname"", ""w"": 1280, ""h"": 720}]",,,"1 filename candidates on surname ""arlacchi"""
plo-lumumba,PLO Lumumba,0,,,,,,,,none,,,,no image in the library matches this surname
rachel-brinkley,Rachel Brinkley,0,,,,,,,,none,,,,no image in the library matches this surname
rede-von-dr-hermann-schwiesau,Rede von Dr. Hermann Schwiesau,0,,,,,,,,none,,,,no image in the library matches this surname
rede-von-rainer-apel,Rede von Rainer Apel,0,,,,,,,,none,,,,surname too short to match filenames safely
reginald-bouknight,Reginald Bouknight,0,,,,,,,,none,,,,no image in the library matches this surname
richard-freeman,Richard Freeman,2,,,,,,,,needs-review,"[{""id"": ""89670"", ""path"": ""2022/08/Chas_W_Freeman-1.png"", ""score"": 49, ""why"": ""portrait/square"", ""w"": 1000, ""h"": 1250}, {""id"": ""71039"", ""path"": ""2021/03/happer-freeman-e1616785501825.jpg"", ""score"": 46, ""why"": ""portrait/square"", ""w"": 506, ""h"": 489}, {""id"": ""114578"", ""path"": ""2026/02/chas-freeman.jpg"", ""score"": 45, ""why"": ""portrait/square"", ""w"": 250, ""h"": 250}, {""id"": ""71035"", ""path"": ""2021/03/happer-freeman.jpg"", ""score"": 27, ""why"": """", ""w"": 986, ""h"": 495}, {""id"": ""94661"", ""path"": ""2023/01/Chas-W.-Freeman.jpg"", ""score"": 23, ""why"": """", ""w"": 470, ""h"": 310}, {""id"": ""108942"", ""path"": ""2025/04/HZl-Chas-Freeman-April-17.jpg"", ""score"": 20, ""why"": """", ""w"": 1280, ""h"": 720}]",,,"6 filename candidates on surname ""freeman"""
richard-trifan,Richard Trifan,0,,,,,,,,none,,,,no image in the library matches this surname
robert-castle,Robert Castle,0,,,,,,,,none,,,,no image in the library matches this surname
roger-stone,Roger Stone,2,,,,,,,,needs-review,"[{""id"": ""2233"", ""path"": ""2013/02/20130126-stone.jpg"", ""score"": 63, ""why"": ""filename is the surname, date+surname convention"", ""w"": 0, ""h"": 0}, {""id"": ""2530"", ""path"": ""/kunden/170065_55128/si/wordpress/wp-content/uploads/2013/02/20130126-stone.jpg"", ""score"": 63, ""why"": ""filename is the surname, date+surname convention"", ""w"": 0, ""h"": 0}]",,,"2 filename candidates on surname ""stone"""
saad-mohamed-mahmoud-elgioshy,Saad Mohamed Mahmoud Elgioshy,2,,,,,,,,needs-review,"[{""id"": ""43635"", ""path"": ""2017/12/Dr-Saad-Mohamed-Mahmoud-Elgioshy.jpeg"", ""score"": 17, ""why"": """", ""w"": 1280, ""h"": 852}]",,,"1 filename candidates on surname ""elgioshy"""
sarah-fahim,Sarah Fahim,0,,,,,,,,none,,,,no image in the library matches this surname
sergey-pulinets,Sergey Pulinets,2,,,,,,,,needs-review,"[{""id"": ""66462"", ""path"": ""2021/01/pulinets.jpg"", ""score"": 60, ""why"": ""filename is the surname, portrait/square"", ""w"": 150, ""h"": 150}]",,,"1 filename candidates on surname ""pulinets"""
shah-mehrabi,Shah Mehrabi,2,,,,,,,,needs-review,"[{""id"": ""83074"", ""path"": ""2021/12/mehrabi-pic.jpg"", ""score"": 34, ""why"": """", ""w"": 1280, ""h"": 720}]",,,"1 filename candidates on surname ""mehrabi"""
shakeel-ahmad-ramay,Shakeel Ahmad Ramay,0,,,,,,,,none,,,,no image in the library matches this surname
shirley-evers-manley,Shirley Evers-Manley,2,,,,,,,,needs-review,"[{""id"": ""71479"", ""path"": ""2021/03/evers-manley_shirley_3-21-21.jpg"", ""score"": 30, ""why"": """", ""w"": 1680, ""h"": 1050}]",,,"1 filename candidates on surname ""eversmanley"""
simon-estes,Simon Estes,0,,,,,,,,none,,,,no image in the library matches this surname
simon-levy,Simon Levy,0,,,,,,,,none,,,,surname too short to match filenames safely
soloists-gregor-kitzis,Gregor Kitzis,0,,,,,,,,none,,,,no image in the library matches this surname
speech-by-daniel-heydt,Speech by Daniel Heydt,0,,,,,,,,none,,,,no image in the library matches this surname
speech-by-eric-verhaeghe,Speech by Eric Verhaeghe,0,,,,,,,,none,,,,no image in the library matches this surname
speech-by-erwin-schopges,Speech by Erwin Schöpges,0,,,,,,,,none,,,,no image in the library matches this surname
sultan-m-hali,Sultan M. Hali,0,,,,,,,,none,,,,surname too short to match filenames safely
theo-mitchell,Theo Mitchell,0,,,,,,,,none,,,,no image in the library matches this surname
theodore-postol,Theodore Postol,2,,,,,,,,needs-review,"[{""id"": ""115297"", ""path"": ""2026/03/postol-2.jpg"", ""score"": 66, ""why"": ""filename is the surname, portrait/square"", ""w"": 1086, ""h"": 1466}, {""id"": ""102664"", ""path"": ""2024/06/postol-1.jpg"", ""score"": 46, ""why"": ""filename is the surname"", ""w"": 1920, ""h"": 1080}, {""id"": ""104444"", ""path"": ""2024/09/postol-grafik.jpg"", ""score"": 34, ""why"": """", ""w"": 690, ""h"": 560}, {""id"": ""113091"", ""path"": ""2025/11/ted-postol-ipc-deutsch.jpg"", ""score"": 18, ""why"": """", ""w"": 1280, ""h"": 720}]",,,"4 filename candidates on surname ""postol"""
tyler-dupy,Tyler Dupy,0,,,,,,,,none,,,,surname too short to match filenames safely
uschik-choi,Uschik Choi,0,,,,,,,,none,,,,surname too short to match filenames safely
uwe-behrens,Uwe Behrens,2,,,,,,,,needs-review,"[{""id"": ""88687"", ""path"": ""2022/06/koo-wang-behrens.jpg"", ""score"": 26, ""why"": """", ""w"": 1920, ""h"": 1080}]",,,"1 filename candidates on surname ""behrens"""
vassily-a-nebenzia,Vassily A. Nebenzia,0,,,,,,,,none,,,,no image in the library matches this surname
walter-faggett,Walter Faggett,0,,,,,,,,none,,,,no image in the library matches this surname
wang-hao,Wang Hao,0,,,,,,,,none,,,,surname too short to match filenames safely
wang-wen,Wang Wen,0,,,,,,,,none,,,,surname too short to match filenames safely
william-binney,William Binney,2,,,,,,,,needs-review,"[{""id"": ""61048"", ""path"": ""2020/07/William_Binney-IMG_9040.jpg"", ""score"": 41, ""why"": ""portrait/square"", ""w"": 2923, ""h"": 4385}, {""id"": ""61060"", ""path"": ""2020/07/William_Binney-IMG_9040-1.jpg"", ""score"": 41, ""why"": ""portrait/square"", ""w"": 2923, ""h"": 4385}, {""id"": ""61059"", ""path"": ""2020/07/William_Binney-IMG_9040-1-e1595447164176.jpg"", ""score"": 40, ""why"": ""portrait/square"", ""w"": 700, ""h"": 1050}, {""id"": ""61069"", ""path"": ""2020/07/William_Binney_at_CoPS2013_9336.jpg"", ""score"": 38, ""why"": ""portrait/square"", ""w"": 3744, ""h"": 3744}, {""id"": ""52042"", ""path"": ""2019/02/russian-binney.jpg"", ""score"": 32, ""why"": """", ""w"": 1338, ""h"": 1076}, {""id"": ""52121"", ""path"": ""2019/02/binney-russian2.jpg"", ""score"": 32, ""why"": """", ""w"": 1338, ""h"": 1076}]",,,"6 filename candidates on surname ""binney"""
william-ferguson,William Ferguson,0,,,,,,,,none,,,,no image in the library matches this surname
william-happer,William Happer,2,,,,,,,,needs-review,"[{""id"": ""66520"", ""path"": ""2021/01/will-happer.jpg"", ""score"": 50, ""why"": ""portrait/square"", ""w"": 500, ""h"": 500}, {""id"": ""71144"", ""path"": ""2021/03/happer.jpg"", ""score"": 46, ""why"": ""filename is the surname"", ""w"": 1280, ""h"": 720}, {""id"": ""71039"", ""path"": ""2021/03/happer-freeman-e1616785501825.jpg"", ""score"": 43, ""why"": ""portrait/square"", ""w"": 506, ""h"": 489}, {""id"": ""71035"", ""path"": ""2021/03/happer-freeman.jpg"", ""score"": 24, ""why"": """", ""w"": 986, ""h"": 495}]",,,"4 filename candidates on surname ""happer"""
william-l-dawson,William L. Dawson,0,,,,,,,,none,,,,no image in the library matches this surname
wolfgang-bittner,Wolfgang Bittner,2,,,,,,,,needs-review,"[{""id"": ""90199"", ""path"": ""2022/08/bittner_wolfgang_schiller_cof_6-18-22-1.jpg"", ""score"": 30, ""why"": ""portrait/square"", ""w"": 200, ""h"": 229}, {""id"": ""90654"", ""path"": ""2022/08/bittner_wolfgang_schiller_cof_6-18-22-1-1.jpg"", ""score"": 30, ""why"": ""portrait/square"", ""w"": 220, ""h"": 267}, {""id"": ""89991"", ""path"": ""2022/08/bittner_wolfgang_schiller_cof_6-18-22.jpg"", ""score"": 16, ""why"": """", ""w"": 1680, ""h"": 1050}, {""id"": ""89995"", ""path"": ""2022/08/bittner_wolfgang_schiller_cof_6-18-22-e1660231072104.jpg"", ""score"": 10, ""why"": """", ""w"": 400, ""h"": 250}]",,,"4 filename candidates on surname ""bittner"""
wolfgang-effenberger,Wolfgang Effenberger,0,,,,,,,,none,,,,no image in the library matches this surname
xu-wang,Xu Wang,0,,,,,,,,none,,,,surname too short to match filenames safely
xu-wenhong,Xu Wenhong,0,,,,,,,,none,,,,no image in the library matches this surname
yoro-diallo,Yoro Diallo,0,,,,,,,,none,,,,no image in the library matches this surname
yusuf-maitama-tuggar,Yusuf Maitama Tuggar,0,,,,,,,,none,,,,no image in the library matches this surname
zaher-wahab,Zaher Wahab,2,,,,,,,,needs-review,"[{""id"": ""88724"", ""path"": ""2022/06/wahab-e1656346627336.jpg"", ""score"": 53, ""why"": ""filename is the surname, portrait/square"", ""w"": 250, ""h"": 376}, {""id"": ""88742"", ""path"": ""2022/06/afghan-wahab.jpg"", ""score"": 24, ""why"": """", ""w"": 1280, ""h"": 720}]",,,"2 filename candidates on surname ""wahab"""
zaid-ayoub-arbache,Zaid Ayoub Arbache,0,,,,,,,,none,,,,no image in the library matches this surname
zhang-weiwei,Zhang Weiwei,2,,,,,,,,needs-review,"[{""id"": ""114567"", ""path"": ""2026/02/zhang-weiwei.jpg"", ""score"": 41, ""why"": ""portrait/square"", ""w"": 250, ""h"": 250}]",,,"1 filename candidates on surname ""weiwei"""
alessia-ruggeri,Alessia Ruggeri,2,,,,,,,,needs-review,"[{""id"": ""86299"", ""path"": ""2022/03/2022-03-00-Westphalia-Petition-A-Ruggeri-Database-Italia.png"", ""score"": 33, ""why"": ""portrait/square"", ""w"": 1892, ""h"": 2298}, {""id"": ""85789"", ""path"": ""2022/03/Ruggeri-CPR-800x445-1.jpg"", ""score"": 31, ""why"": """", ""w"": 800, ""h"": 445}, {""id"": ""86310"", ""path"": ""2022/03/2022-03-00-Westphalia-Petition-A-Ruggeri-Database-Italia-smaller-e1648304859918.png"", ""score"": 31, ""why"": ""portrait/square"", ""w"": 750, ""h"": 910}]",,,"3 filename candidates on surname ""ruggeri"""
alicia-diaz-brown,Alicia Díaz Brown,0,,,,,,,,none,,,,no image in the library matches this surname
alto-mayumi-nakamura-japan,Mayumi Nakamura - Japan,2,,,,,,,,needs-review,"[{""id"": ""44753"", ""path"": ""2018/01/japan.png"", ""score"": 46, ""why"": ""filename is the surname"", ""w"": 801, ""h"": 532}, {""id"": ""98003"", ""path"": ""2023/07/offner-Brief-aus-Japan-e1690118380500.jpg"", ""score"": 36, ""why"": ""portrait/square"", ""w"": 500, ""h"": 500}, {""id"": ""68973"", ""path"": ""2021/02/Japan-maglev.jpg"", ""score"": 32, ""why"": """", ""w"": 800, ""h"": 600}, {""id"": ""68982"", ""path"": ""2021/02/Japan-maglev-1.jpg"", ""score"": 32, ""why"": """", ""w"": 800, ""h"": 600}, {""id"": ""46897"", ""path"": ""2018/07/japan-compressed.jpg"", ""score"": 11, ""why"": """", ""w"": 0, ""h"": 0}]",,,"5 filename candidates on surname ""japan"""
baifeng-sun,Baifeng Sun,0,,,,,,,,none,,,,surname too short to match filenames safely
bass-chanyoung-lee-korea,Baß: Chanyoung Lee - Korea,2,,,,,,,,needs-review,"[{""id"": ""93761"", ""path"": ""2022/12/Korea_Pope_Francis_Haemi_Martyrdom_Holy_Ground_09_14941920001.jpg"", ""score"": 5, ""why"": """", ""w"": 640, ""h"": 392}]",,,"1 filename candidates on surname ""korea"""
butch-valdes,Butch Valdes,0,,,,,,,,none,,,,no image in the library matches this surname
caleb-maupin,Caleb Maupin,0,,,,,,,,none,,,,no image in the library matches this surname
daniel-burke,Daniel Burke,0,,,,,,,,none,,,,no image in the library matches this surname
eiffel-valdecoa,Eiffel Valdecoa,0,,,,,,,,none,,,,no image in the library matches this surname
emmanuel-dupuy,Emmanuel Dupuy,0,,,,,,,,none,,,,no image in the library matches this surname
eric-de-keuleneer,Eric De Keuleneer,0,,,,,,,,none,,,,no image in the library matches this surname
ewert,Ewert,0,,,,,,,,none,,,,no image in the library matches this surname
feride-istogu-soprano,Feride Istogu Soprano,0,,,,,,,,none,,,,no image in the library matches this surname
fraydique-alexander-gaitan,Fraydique Alexander Gaitán,0,,,,,,,,none,,,,no image in the library matches this surname
george-hillman,George Hillman,2,,,,,,,,needs-review,"[{""id"": ""23766"", ""path"": ""2015/01/ne-si-hillman.jpg"", ""score"": 23, ""why"": """", ""w"": 0, ""h"": 0}]",,,"1 filename candidates on surname ""hillman"""
gian-marco-sanna,Gian Marco Sanna,2,,,,,,,,needs-review,"[{""id"": ""35081"", ""path"": ""2016/07/NP-Sanna.png"", ""score"": 26, ""why"": """", ""w"": 0, ""h"": 0}, {""id"": ""36734"", ""path"": ""2016/07/Gian-Marco-Sanna.jpg"", ""score"": 12, ""why"": """", ""w"": 0, ""h"": 0}]",,,"2 filename candidates on surname ""sanna"""
guangxi-li,Guangxi Li,0,,,,,,,,none,,,,surname too short to match filenames safely
guo-wentao,GUO Wentao,0,,,,,,,,none,,,,no image in the library matches this surname
helena-chang,Helena Chang,2,,,,,,,,needs-review,"[{""id"": ""3899"", ""path"": ""2013/11/chang.jpg"", ""score"": 46, ""why"": ""filename is the surname"", ""w"": 1280, ""h"": 720}, {""id"": ""65462"", ""path"": ""2020/12/chang_e_4.jpeg"", ""score"": 39, ""why"": ""filename is the surname"", ""w"": 900, ""h"": 502}, {""id"": ""66404"", ""path"": ""2021/01/climate-change-globe.jpg"", ""score"": 37, ""why"": ""portrait/square"", ""w"": 732, ""h"": 732}, {""id"": ""19621"", ""path"": ""2014/10/Change-3.png"", ""score"": 31, ""why"": ""filename is the surname"", ""w"": 0, ""h"": 0}, {""id"": ""51225"", ""path"": ""2019/01/change-4-roll-out.jpg"", ""score"": 29, ""why"": """", ""w"": 700, ""h"": 545}, {""id"": ""66389"", ""path"": ""2021/01/climate-change-5224748_1280.jpg"", ""score"": 21, ""why"": """", ""w"": 1280, ""h"": 731}]",,,"6 filename candidates on surname ""chang"""
igor-lopatonok,Igor Lopatonok,0,,,,,,,,none,,,,no image in the library matches this surname
jean-pierre-luminet,Jean-Pierre Luminet,0,,,,,,,,none,,,,no image in the library matches this surname
jochen-heibertshausen,Jochen Heibertshausen (guest artist),2,,,,,,,,needs-review,"[{""id"": ""68360"", ""path"": ""2021/02/1200px-Artistu2019s_impression_of_the_Tianwen-1_mission.jpg"", ""score"": 12, ""why"": """", ""w"": 1200, ""h"": 675}, {""id"": ""75161"", ""path"": ""2021/06/1200px-Artistu2019s_impression_of_the_Tianwen-1_mission.jpg"", ""score"": 12, ""why"": """", ""w"": 1200, ""h"": 675}, {""id"": ""99144"", ""path"": ""2023/09/20230918-petition-artists-slider.jpg"", ""score"": 5, ""why"": ""-slide"", ""w"": 1920, ""h"": 1440}]",,,"3 filename candidates on surname ""artist"""
justin-yifu-lin,Justin Yifu Lin,0,,,,,,,,none,,,,surname too short to match filenames safely
kildare-clarke,Kildare Clarke,2,,,,,,,,needs-review,"[{""id"": ""72041"", ""path"": ""2021/04/Ramsey-Clark-1927-2021-e1618232475384.png"", ""score"": 25, ""why"": ""portrait/square, too small"", ""w"": 120, ""h"": 150}]",,,"1 filename candidates on surname ""clarke"""
kirk-meighoo,Kirk Meighoo,0,,,,,,,,none,,,,no image in the library matches this surname
larry-bell,Larry Bell,0,,,,,,,,none,,,,surname too short to match filenames safely
marc-gabriel-draghi,Marc-Gabriel Draghi,0,,,,,,,,none,,,,no image in the library matches this surname
marie-korsaga,Marie Korsaga,0,,,,,,,,none,,,,no image in the library matches this surname
marino-elsevyf,Marino Elsevyf,0,,,,,,,,none,,,,no image in the library matches this surname
mark-sweazy,Mark Sweazy,0,,,,,,,,none,,,,no image in the library matches this surname
matthieu-fontana,Matthieu Fontana,0,,,,,,,,none,,,,no image in the library matches this surname
maurizio-abbate,Maurizio Abbate,2,,,,,,,,needs-review,"[{""id"": ""97742"", ""path"": ""2023/07/abbate_maurizio__strasbourg_conf_7-8_9-23._01-scaled.jpg"", ""score"": 13, ""why"": """", ""w"": 2560, ""h"": 1707}]",,,"1 filename candidates on surname ""abbate"""
michelle-erin,Michelle Erin,0,,,,,,,,none,,,,surname too short to match filenames safely
moderator-jen-pearl,Jen Pearl,2,,,,,,,,needs-review,"[{""id"": ""51800"", ""path"": ""2019/02/jen-pearl.jpg"", ""score"": 51, ""why"": ""portrait/square"", ""w"": 480, ""h"": 554}, {""id"": ""51810"", ""path"": ""2019/02/jen-pearl-i.jpg"", ""score"": 42, ""why"": ""portrait/square"", ""w"": 312, ""h"": 360}]",,,"2 filename candidates on surname ""pearl"""
ole-doering,Ole Doering,0,,,,,,,,none,,,,no image in the library matches this surname
olesya-sablina,Olesya Sablina,0,,,,,,,,none,,,,no image in the library matches this surname
p-s-raghavan,P. S. Raghavan,0,,,,,,,,none,,,,no image in the library matches this surname
par-dr-jasminka-simic,par Dr. Jasminka SIMIC,2,,,,,,,,needs-review,"[{""id"": ""44089"", ""path"": ""2017/12/SI-Dr.-Jasminka-Simic.jpg"", ""score"": 9, ""why"": """", ""w"": 0, ""h"": 0}]",,,"1 filename candidates on surname ""simic"""
performed-by-jean-trebuchet,Performed by Jean Trébuchet.,0,,,,,,,,none,,,,no image in the library matches this surname
po-ep-ap,Роберт Барвик,0,,,,,,,,none,,,,surname too short to match filenames safely
princy-mthombeni,Princy Mthombeni,0,,,,,,,,none,,,,no image in the library matches this surname
r-thomas-buffenbarger,R. Thomas Buffenbarger,0,,,,,,,,none,,,,no image in the library matches this surname
robert-l-baker,Robert L. Baker,2,,,,,,,,needs-review,"[{""id"": ""60881"", ""path"": ""2020/06/Baker1.jpg"", ""score"": 46, ""why"": ""filename is the surname"", ""w"": 2890, ""h"": 2003}, {""id"": ""60891"", ""path"": ""2020/06/Baker2.jpg"", ""score"": 46, ""why"": ""filename is the surname"", ""w"": 1024, ""h"": 525}, {""id"": ""60901"", ""path"": ""2020/06/Baker3.jpg"", ""score"": 46, ""why"": ""filename is the surname"", ""w"": 1280, ""h"": 720}]",,,"3 filename candidates on surname ""baker"""
robert-lechner-schobel,Robert Lechner-Schobel,0,,,,,,,,none,,,,no image in the library matches this surname
robert-mcferrin,Robert McFerrin,0,,,,,,,,none,,,,no image in the library matches this surname
roberto-valdes,Roberto Valdes,0,,,,,,,,none,,,,no image in the library matches this surname
saeed-naqvi,Saeed Naqvi,0,,,,,,,,none,,,,no image in the library matches this surname
simona-buineviciute,Simona Buineviciute,0,,,,,,,,none,,,,no image in the library matches this surname
sopran-sua-baek-korea,Sua Baek - Korea,2,,,,,,,,needs-review,"[{""id"": ""93761"", ""path"": ""2022/12/Korea_Pope_Francis_Haemi_Martyrdom_Holy_Ground_09_14941920001.jpg"", ""score"": 5, ""why"": """", ""w"": 640, ""h"": 392}]",,,"1 filename candidates on surname ""korea"""
thomas-wysmuller,Thomas Wysmuller,0,,,,,,,,none,,,,no image in the library matches this surname
veronika-zukaite,Veronika Zukaite,0,,,,,,,,none,,,,no image in the library matches this surname
viktoriya-valdes,Viktoriya Valdes,0,,,,,,,,none,,,,no image in the library matches this surname
vladimir-morozov,Vladimir Morozov,0,,,,,,,,none,,,,no image in the library matches this surname
walter-formento,Walter Formento,0,,,,,,,,none,,,,no image in the library matches this surname
wolfgang-amadeus-mozart,Wolfgang Amadeus Mozart,2,,,,,,,,needs-review,"[{""id"": ""53416"", ""path"": ""2019/04/mozart.png"", ""score"": 66, ""why"": ""filename is the surname, portrait/square"", ""w"": 471, ""h"": 471}, {""id"": ""3812"", ""path"": ""2013/10/Wolfgang-amadeus-mozart_1.jpg"", ""score"": 37, ""why"": ""portrait/square"", ""w"": 2079, ""h"": 3056}, {""id"": ""3955"", ""path"": ""2013/11/Wolfgang-amadeus-mozart_1.jpg"", ""score"": 37, ""why"": ""portrait/square"", ""w"": 2079, ""h"": 3056}, {""id"": ""53427"", ""path"": ""2019/04/mozart-vespers-houston.jpg"", ""score"": 18, ""why"": """", ""w"": 832, ""h"": 468}, {""id"": ""67965"", ""path"": ""2021/02/BachMozartBeethoven.png"", ""score"": 18, ""why"": """", ""w"": 1873, ""h"": 1099}, {""id"": ""68015"", ""path"": ""2021/02/BachMozartBeethoven-1-e1612525220180.png"", ""score"": 18, ""why"": """", ""w"": 1873, ""h"": 1099}]",,,"6 filename candidates on surname ""mozart"""
xu-jian,Xu Jian,0,,,,,,,,none,,,,surname too short to match filenames safely
yan-wang,Yan Wang,0,,,,,,,,none,,,,surname too short to match filenames safely
yulin-wang-tenor,Yulin Wang (China) tenor,0,,,,,,,,none,,,,no image in the library matches this surname
elvira-o-green,Elvira O. Green,2,,,,,,,,needs-review,"[{""id"": ""2222"", ""path"": ""2013/02/20130126-green.jpg"", ""score"": 63, ""why"": ""filename is the surname, date+surname convention"", ""w"": 0, ""h"": 0}, {""id"": ""90674"", ""path"": ""2022/08/greenwald_glen.jpg"", ""score"": 35, ""why"": ""portrait/square"", ""w"": 230, ""h"": 282}, {""id"": ""92323"", ""path"": ""2022/10/2022-10-15-youth-conf-Defeat-Green-Fascism.png"", ""score"": 21, ""why"": """", ""w"": 718, ""h"": 576}, {""id"": ""80646"", ""path"": ""2021/10/schwab-green-energy.png"", ""score"": 17, ""why"": """", ""w"": 1280, ""h"": 720}, {""id"": ""1220"", ""path"": ""2012/12/bg-stopgreen.jpg"", ""score"": 16, ""why"": """", ""w"": 0, ""h"": 0}, {""id"": ""68197"", ""path"": ""2021/02/Neon-Green-Gradient-Fitness-YouTube-Thumbnail-3.png"", ""score"": 11, ""why"": """", ""w"": 1280, ""h"": 720}]",,,"6 filename candidates on surname ""green"""
jean-christophe-vautrin,Jean Christophe Vautrin,0,,,,,,,,none,,,,no image in the library matches this surname
lawrence-wilkerson,Lawrence Wilkerson,0,,,,,,,,none,,,,no image in the library matches this surname
mark-shelly,Mark Shelly,0,,,,,,,,none,,,,no image in the library matches this surname
metin-apti,Metin Apti,0,,,,,,,,none,,,,surname too short to match filenames safely
petr-iliichev,Petr Iliichev,0,,,,,,,,none,,,,no image in the library matches this surname
ranjani-saigal,Ranjani Saigal,2,,,,,,,,needs-review,"[{""id"": ""23719"", ""path"": ""2014/12/ne-si-saigal.jpg"", ""score"": 22, ""why"": """", ""w"": 0, ""h"": 0}]",,,"1 filename candidates on surname ""saigal"""
talal-moualla,Talal Moualla,2,,,,,,,,needs-review,"[{""id"": ""35214"", ""path"": ""2016/07/NP-Moualla-screenshot.png"", ""score"": 6, ""why"": ""-screenshot"", ""w"": 0, ""h"": 0}]",,,"1 filename candidates on surname ""moualla"""
eva-karene-bartlett,Eva Karene Bartlett,0,,,,,,,,none,,,,no image in the library matches this surname
mira-terada,Mira Terada,2,,,,,,,,needs-review,"[{""id"": ""93439"", ""path"": ""2022/12/mira-terada.png"", ""score"": 30, ""why"": """", ""w"": 1205, ""h"": 657}]",,,"1 filename candidates on surname ""terada"""
willis-patterson,Willis Patterson,0,,,,,,,,none,,,,no image in the library matches this surname
teng-jimeng,Teng Jimeng,0,,,,,,,,none,,,,no image in the library matches this surname
daud-azimi,Daud Azimi,0,,,,,,,,none,,,,no image in the library matches this surname
bedabrata-pain,Bedabrata Pain,0,,,,,,,,none,,,,surname too short to match filenames safely
elke-fimmen,Elke Fimmen,0,,,,,,,,none,,,,no image in the library matches this surname
leonidas-chrysanthopoulos,Leonidas Chrysanthopoulos,2,,,,,,,,needs-review,"[{""id"": ""90624"", ""path"": ""2022/08/chrysanthopoulos_leonidas_CMYK.jpg"", ""score"": 42, ""why"": ""portrait/square"", ""w"": 225, ""h"": 261}, {""id"": ""90003"", ""path"": ""2022/08/chrysanthopoulos_leonidas_5-scaled.jpg"", ""score"": 27, ""why"": """", ""w"": 2560, ""h"": 1707}, {""id"": ""91439"", ""path"": ""2022/09/chrysanthopoulos_leonidas_5-scaled.jpg"", ""score"": 27, ""why"": """", ""w"": 2560, ""h"": 1707}, {""id"": ""90424"", ""path"": ""2022/08/chrysanthopoulos_leonidas_5-scaled-710x473-1.jpg"", ""score"": 26, ""why"": """", ""w"": 710, ""h"": 473}]",,,"4 filename candidates on surname ""chrysanthopoulos"""
