legacy_id,language,trid,date,slug,title,evidence,byline_raw,articles_by_this_name,match,proposed_person_key,proposed_action,confidence,person_hints,wp_author_id,snippet,needs_review,final_action,reviewer,notes
2392,de,1973,2013-03-12,fur-eine-renaissance-der-klassischen-kultur,Für eine Renaissance der klassischen Kultur,leading-byline,Helga Zepp-LaRouche,76,built,helga-zepp-larouche,accept,high,,8,"Von Helga Zepp-LaRouche Was ist nur aus unserer Welt geworden? Top-Banker warnen vor dem „Weltuntergang“, was sie aber nicht daran hindert, gleichzeitig zweistellige Millionenbeträge an Boni in di",1,,,
25698,de,17302,2015-05-04,das-allerwichtigste-ist-die-beschaftigung-mit-der-menschlichen-kreativitat,Das allerwichtigste ist die Beschäftigung mit der menschlichen Kreativität,leading-byline,Helga Zepp-LaRouche,76,built,helga-zepp-larouche,accept,high,,33,Von Helga Zepp-LaRouche Die Vorsitzende des Schiller-Instituts hielt vor dem Kultur- und Businessforum „Ost-West-Dialog“ in Baden-Baden am 24. April die folgende Rede. Auch wenn das vielleic,1,,,
32294,en,17645,2015-09-14,a-new-era-of-mankind-where-we-become-truly-human,A New Era of Mankind Where We Become Truly Human,leading-byline,Helga Zepp-LaRouche,76,built,helga-zepp-larouche,accept,high,,33,by Helga Zepp-LaRouche This is the text of a presentation by Helga Zepp-LaRouche to the 2015 Silk-Road International Academic Conference--How to Establish Silk-Road Studies as an Independent Discipl,1,,,
32438,en,17717,2015-10-28,in-the-face-of-the-refugee-crisis-realizing-a-grand-vision,In the Face of the Refugee Crisis: Realizing a Grand Vision,leading-byline,Helga Zepp-LaRouche,76,built,helga-zepp-larouche,accept,high,,33,von Helga Zepp-LaRouche Helga Zepp-LaRouche is the founder of the Schiller Institute and the Chairman of the German Civil Rights Movement Solidarity political party (BüSo) The escalating refugee c,1,,,
33551,de,17995,2016-03-17,die-krise-die-neue-seidenstrase-und-indiens-rolle,"Die Krise, die Neue Seidenstraße und Indiens Rolle",leading-byline,Helga Zepp-LaRouche,76,built,helga-zepp-larouche,accept,high,,33,"Beim Raisina-Dialog in Neu-Delhi, einer Konferenz mit 600 Teilnehmern aus rund 40 Ländern, die gemeinsam vom indischen Außenministerium und der Observer Research Foundation in Neu-Delhi veranstaltet w",1,,,
33578,de,18000,2016-03-17,deutschlands-entscheidende-rolle-fur-die-neue-seidenstrase,Deutschlands entscheidende Rolle für die Neue Seidenstraße,leading-byline,Helga Zepp-LaRouche,76,built,helga-zepp-larouche,accept,high,,33,von Helga Zepp-LaRouche Die Neue Seidenstraße ist nicht nur eine sehr wichtige wirtschaftliche Initiative. Als Win-Win-Perspektive ist sie auch als eine Antwort auf die zwei größten gegenwärtigen ,1,,,
43900,de,19049,2017-12-10,helga-zepp-larouche-zhuhai,Helga Zepp-LaRouche in Zhuhai,leading-byline,Helga Zepp-LaRouche,76,built,helga-zepp-larouche,accept,high,Helga Zepp-LaRouche,26,"Von Helga Zepp-LaRouche Die Gründerin und Präsidentin des internationalen Schiller-Instituts, Helga Zepp-LaRouche, hielt eine der Hauptreden bei einem Forum über die „Maritime Seidenstraße des 21. ",1,,,
44967,de,19193,2018-01-17,prasident-macron-verspricht-kooperation-europas-mit-der-neuen-seidenstrase,Präsident Macron verspricht Kooperation Europas mit der Neuen Seidenstraße!,leading-byline,Helga Zepp-LaRouche,76,built,helga-zepp-larouche,accept,high,Helga Zepp-LaRouche,26,Von Helga Zepp-LaRouche Der dreitägige Staatsbesuch des französischen Präsidenten Macron in China vom 8.-10. Januar stellt einen strategischen Durchbruch dar. In einer eine Stunde und 15 Minuten da,1,,,
46847,en,19487,2018-06-18,history-is-now-being-written-in-asia-the-eu-summit-must-follow-the-example-of-singapore,History Is Now Being Written in Asia! The EU Summit Must Follow the Example of Singapore!,leading-byline,Helga Zepp-LaRouche,76,built,helga-zepp-larouche,accept,high,Helga Zepp-LaRouche,15,"by Helga Zepp-LaRouche — The contrast could hardly be clearer. In Singapore, the historic summit between President Donald Trump and Chairman Kim Jong-un launched a process that, beyond the region",1,,,
47094,de,19487,2018-06-18,history-is-now-being-written-in-asia-the-eu-summit-must-follow-the-example-of-singapore,Geschichte wird jetzt in Asien geschrieben: EU-Gipfel muß dem Beispiel von Singapur folgen!,leading-byline,Helga Zepp-LaRouche,76,built,helga-zepp-larouche,accept,high,Helga Zepp-LaRouche,15,"Von Helga Zepp-LaRouche 17/06/2018 Der Kontrast könnte nicht deutlicher sein: In Singapur fand das historische Treffen zwischen Präsident Trump und Präsident Kim Jong-un statt, das einen Prozeß in",1,,,
47568,de,19590,2018-07-31,brics-staaten-im-zentrum-einer-neuen-gerechten-weltwirtschaftsordnung-beispiellos-in-der-geschichte-wie-china-die-welt-verandert,BRICS-Staaten im Zentrum einer neuen gerechten Weltwirtschaftsordnung! Beispiellos in der Geschichte: Wie China die Welt,leading-byline,Helga Zepp-LaRouche,76,built,helga-zepp-larouche,accept,high,,15,"Von Helga Zepp-LaRouche Inspiriert vom sagenhaften Aufstieg Chinas findet derzeit eine strategische Neuausrichtung der Schwellen- und Entwicklungsländer statt, bei der Schritt für Schritt eine auf ",1,,,
47699,de,19612,2018-08-06,noch-schlimmer-als-fake-news-die-zensur-der-gleichgeschalteten-medien,Noch schlimmer als „Fake News“: die Zensur der gleichgeschalteten Medien!,leading-byline,Helga Zepp-LaRouche,76,built,helga-zepp-larouche,accept,high,,26,"05/08/2018 Von Helga Zepp-LaRouche Wir sollten eigentlich aus den 20er und 30er Jahren gelernt haben, daß ein sich in der Bevölkerung ausbreitender Kulturpessimismus fatale Konsequenzen hat. Ab",1,,,
48397,de,19716,2018-09-01,xi-jinping-die-asthetische-erziehung-und-afrika-und-die-tiefe-moralische-krise-des-westens,"Xi Jinping, die ästhetische Erziehung und Afrika - und die tiefe moralische Krise des Westens",leading-byline,Helga Zepp-LaRouche,76,built,helga-zepp-larouche,accept,high,Helga Zepp-LaRouche,26,"Von Helga Zepp-LaRouche Während das politische Establishment in Europa immer noch meint, im Besitz der allein seligmachenden Weisheit zu sein, was die angebliche Überlegenheit der „westlichen Werte",1,,,
49500,de,19898,2018-11-05,wir-schlafwandler-haben-wir-daraus-gelernt-wie-es-zum-ersten-weltkrieg-kam,"Wir Schlafwandler: Haben wir daraus gelernt, wie es zum Ersten Weltkrieg kam?",leading-byline,Helga Zepp-LaRouche,76,built,helga-zepp-larouche,accept,high,Helga Zepp-LaRouche,26,"Von Helga Zepp-LaRouche Nur fünf Tage nach der richtungsweisenden Kongreßwahl in den USA, die maßgeblich über die Weichenstellung für Krieg oder Frieden entscheiden wird, treffen sich die Präsident",1,,,
49578,de,19916,2018-11-11,die-tiefe-moralische-krise-des-westens-oder-warum-wir-eine-renaissance-der-klassischen-kultur-brauchen,"Die tiefe moralische Krise des Westens, oder warum wir eine Renaissance der klassischen Kultur brauchen!",leading-byline,Helga Zepp-LaRouche,76,built,helga-zepp-larouche,accept,high,Helga Zepp-LaRouche,26,"Anläßlich des 259. Geburtstags von Friedrich Schiller: Von Helga Zepp-LaRouche Es ist typisch für das kurzsichtige Denken unserer Zeit, daß sich der BDI zwar derzeit darüber sorgt, daß es eine",1,,,
50272,de,20003,2018-12-02,europa-wird-nur-durch-kooperation-nicht-konfrontation-bestehen-konnen,"Europa wird nur durch Kooperation, nicht Konfrontation bestehen können!",leading-byline,Helga Zepp-LaRouche,76,built,helga-zepp-larouche,accept,high,Helga Zepp-LaRouche,26,"25/11/2018 - Von Helga Zepp-LaRouche Während der immer unbeliebtere französische Präsident Macron die Chimäre einer europäischen Armee an die Wand malt, die Europa gegen „China, Rußl",1,,,
50416,de,20026,2018-12-12,massenstreikprozes-und-regierungskrisen-europa-braucht-eine-zukunftsvision,Massenstreikprozeß und Regierungskrisen: Europa braucht eine Zukunftsvision!,leading-byline,Helga Zepp-LaRouche,76,built,helga-zepp-larouche,accept,high,Helga Zepp-LaRouche,26,"10/12/2018 - Von Helga Zepp-LaRouche Revolte gegen Macron in Frankreich; Brexit-Chaos in Großbritannien, die wahrscheinliche Fortsetzung der Politik in Deutschland, die den Abstieg der V",1,,,
55298,en,20696,2019-08-06,zepp-larouche-mega-manipulation-rescuing-the-bankrupt-financial-system-with-climate-hysteria,Zepp-LaRouche—Mega-Manipulation: Rescuing the Bankrupt Financial System with Climate Hysteria!,leading-byline,Helga Zepp-LaRouche,76,built,helga-zepp-larouche,accept,high,,26,"by Helga Zepp-LaRouche, zepp-larouche@eir.de As the storm signals of the impending financial crisis become more alarming, we are witnessing what is probably the largest social engineering experime",1,,,
55854,en,20769,2019-09-16,zepp-larouche-in-xian-how-to-help-the-west-better-understand-the-belt-road-initiative,Zepp-LaRouche in Xi'an: How to Help the West Better Understand the Belt & Road Initiative,leading-byline,Helga Zepp-LaRouche,76,built,helga-zepp-larouche,accept,high,,26,"by Helga Zepp-LaRouche Presented at the 2019 Euro-Asia Economic Forum, which took place in historic Xi'an, China, bringing together over 1,000 people, representing more than 58 nations from Europe",1,,,
57782,en,21017,2020-02-06,china-deserves-praise-and-cooperation-in-the-fight-against-the-coronavirus,China Deserves Praise and Cooperation in the Fight against the Coronavirus,leading-byline,Helga Zepp-LaRouche,76,built,helga-zepp-larouche,accept,high,,26,"By Helga Zepp-LaRouche The name of the German weekly magazine ""Der Spiegel"" actually means in English, ""The Mirror."" And indeed what you see this week on the cover page of the print version of D",1,,,
57800,de,21017,2020-02-06,china-deserves-praise-and-cooperation-in-the-fight-against-the-coronavirus,China verdient Lob und Kooperation im Kampf gegen das Corona-Virus,leading-byline,Helga Zepp-LaRouche,76,built,helga-zepp-larouche,accept,high,,26,"von Helga Zepp-LaRouche Der Name des Wochenmagazins Der Spiegel meint sinnbildlich, daß er das eigentliche Bild widerspiegelt. In der Tat ist das, was man diese Woche auf der Titelseite der Prin",1,,,
58136,en,21065,2020-03-16,covid-19-pandemic-forces-rethinking-international-cooperation-indispensable,COVID-19 Pandemic Forces Rethinking: International Cooperation Indispensable!,leading-byline,Helga Zepp-LaRouche,76,built,helga-zepp-larouche,accept,high,,26,"by Helga Zepp-LaRouche, zepp-larouche@eir.de We are now experiencing the worst international health crisis of the past hundred years. This crisis is so extremely dangerous, because the coronavirus",1,,,
59268,de,21222,2020-05-18,das-urteil-von-karlsruhe-bietet-eine-chance-fur-einen-neuanfang-europas,Das Urteil von Karlsruhe bietet eine Chance für einen Neuanfang Europas!,leading-byline,Helga Zepp-LaRouche,76,built,helga-zepp-larouche,accept,high,,34,"Von Helga Zepp-LaRouche Das Urteil des Karlsruher Bundesverfassungsgerichtes, das die Aufkäufe von Staatsanleihen durch die EZB als teilweise verfassungswidrig bezeichnet und fordert, daß die EZB di",1,,,
59713,de,21296,2020-05-31,notgipfel-von-trump-xi-putin-und-modi-ist-unerlaslich-fur-weltfrieden,"Notgipfel von Trump, Xi, Putin und Modi ist unerläßlich für Weltfrieden!",leading-byline,Helga Zepp-LaRouche,76,built,helga-zepp-larouche,accept,high,,34,"von Helga Zepp-LaRouche Die Welt ist an einem Scheideweg angekommen, den Friedrich Schiller als Punctum saliens bezeichnen würde - dem Punkt, an dem die Handlung in einem Drama zur Entscheidung ",1,,,
60161,de,21356,2020-06-21,globale-ausweitung-der-nato-nicht-im-interesse-deutschlands,Globale Ausweitung der NATO nicht im Interesse Deutschlands!,leading-byline,Helga Zepp-LaRouche,76,built,helga-zepp-larouche,accept,high,Helga Zepp-LaRouche,34,"Globale Ausweitung der NATO nicht im Interesse Deutschlands! Von Helga Zepp-LaRouche Nach wochenlangen Gerüchten hat Präsident Trump es offiziell gemacht: Die US-Administration plant, 9500 US-",1,,,
60170,de,21357,2020-06-25,putins-diskussion-uber-zweiten-weltkrieg-kann-den-dritten-weltkrieg-verhindern,Putins Diskussion über Zweiten Weltkrieg kann den Dritten Weltkrieg verhindern!,leading-byline,Helga Zepp-LaRouche,76,built,helga-zepp-larouche,accept,high,Helga Zepp-LaRouche,34,"Von Helga Zepp-LaRouche Die Gründerin und Vorsitzende des Schiller-Instituts, Helga Zepp-LaRouche, veröffentlichte am 24. Juni 2020 die folgende Erklärung. Der ausführliche und sehr direkt gesc",1,,,
60617,de,21414,2020-07-11,helga-zepp-larouche-letzte-chance-ein-gipfeltreffen-der-funf-permanenten-mitglieder-des-un-sicherheitsrates,Helga Zepp-LaRouche: Letzte Chance: ein Gipfeltreffen der fünf permanenten Mitglieder des UN-Sicherheitsrates,leading-byline,Helga Zepp-LaRouche,76,built,helga-zepp-larouche,accept,high,Helga Zepp-LaRouche,34,"von Helga Zepp-LaRouche Die Menschheit erlebt gegenwärtig eine beispiellose Herausforderung ihrer moralischen Überlebensfähigkeit. Die alles entscheidende Frage ist, ob sich die Hauptakteure auf d",1,,,
60859,de,21450,2020-07-18,das-durchsichtige-spiel-des-britischen-empire-gegen-rusland-und-china,Das durchsichtige Spiel des Britischen Empire gegen Rußland und China,leading-byline,Helga Zepp-LaRouche,76,built,helga-zepp-larouche,accept,high,Helga Zepp-LaRouche,34,"von Helga Zepp-LaRouche Das Jahr 2020 wird nicht nur in die Geschichte eingehen als das Jahr, in dem die Welt von der schlimmsten Pandemie seit 600 Jahren heimgesucht wurde, es ist allem Anschein ",1,,,
61034,en,21479,2020-07-22,the-transparent-game-of-the-british-empire-against-russia-and-china-by-helga-zepp-larouche,The Transparent Game of the British Empire Against Russia and China By Helga Zepp-LaRouche,leading-byline,Helga Zepp-LaRouche,76,built,helga-zepp-larouche,accept,high,,32,"by Helga Zepp-LaRouche July 17—Not only will 2020 go down in history as the year in which the world was hit by the worst pandemic in 600 years, it may also be the year in which the Chinese economy",1,,,
61376,de,21527,2020-08-01,die-welt-mus-sich-vom-kriegskurs-pompeos-gegen-china-distanzieren,Die Welt muß sich vom Kriegskurs Pompeos gegen China distanzieren!,leading-byline,Helga Zepp-LaRouche,76,built,helga-zepp-larouche,accept,high,Helga Zepp-LaRouche,34,Von Helga Zepp-LaRouche In einer markerschütternden Rede mit dem Titel „Das kommunistische China und die Zukunft der freien Welt“ in der Richard Nixon Presidential Library in Yorba Linda/Kalifor,1,,,
61476,de,21545,2020-08-08,das-nachste-hiroshima-vor-november-wir-brauchen-eine-weltfriedensordnung,Das nächste Hiroshima vor November? Wir brauchen eine Weltfriedensordnung!,leading-byline,Helga Zepp-LaRouche,76,built,helga-zepp-larouche,accept,high,Helga Zepp-LaRouche,34,"Von Helga Zepp-LaRouche Dies ist ein Alarmruf! Von den meisten Zeitgenossen unterschätzt, eskaliert die Anti-China-Kampagne der USA, und dies könnte noch vor der US- Präsidentschaftswahl im November",1,,,
61908,de,21611,2020-08-22,faustrecht-oder-voelkerrecht-im-weltraum-wohin-steuert-die-staatengemeinschaft,Faustrecht oder Völkerrecht im Weltraum: Wohin steuert die Staatengemeinschaft?,leading-byline,Helga Zepp-LaRouche,76,built,helga-zepp-larouche,accept,high,Helga Zepp-LaRouche,34,"Von Helga Zepp-LaRouche Wir können derzeit eine Vielzahl von Ereignissen beobachten, die - scheinbar unabhängig voneinander - zusammengenommen die Atmosphäre und Dynamik einer Vorkriegszeit erzeugen. ",1,,,
62856,de,21754,2020-09-27,fuer-eine-internationale-partnerschaft-von-souveraenen-republiken,Für eine internationale Partnerschaft von souveränen Republiken!,leading-byline,Helga Zepp-LaRouche,76,built,helga-zepp-larouche,accept,high,,34,"Von Helga Zepp-LaRouche Seit dem Ende des Zweiten Weltkriegs hat es keine Situation gegeben, in der wir es mit so vielen Herausforderungen zugleich zu tun haben, insbesondere einer Pandemie, deren ers",1,,,
64773,de,22071,2020-11-28,die-weltordnung-nach-der-pandemie-das-menschenbild-ist-der-schluessel,Die Weltordnung nach der Pandemie? Das Menschenbild ist der Schlüssel!,leading-byline,Helga Zepp-LaRouche,76,built,helga-zepp-larouche,accept,high,,34,"Von Helga Zepp-LaRouche Auch wenn sich die Mainstream-Medien darin zu übertreffen suchen, der Weltöffentlichkeit Joe Biden und seine anvisierte Kabinettsmannschaft von Super-Falken als die nächste US-",1,,,
64777,de,22073,2020-11-29,gandhis-vision-fuer-ein-neues-paradigma,Gandhis Vision für ein neues Paradigma,leading-byline,Helga Zepp-LaRouche,76,built,helga-zepp-larouche,accept,high,Helga Zepp-LaRouche,34,"Gandhis Vision für ein neues Paradigma in den internationalen Beziehungen, ein Weltgesundheitssystem und direkte gewaltfreie Aktionen in Zeiten des sozialen Zusammenbruchs Von Helga Zepp-LaRouche, Prä",1,,,
64948,de,22099,2020-12-06,die-weltgemeinschaft-nach-covid-19-eine-neue-epoche-der-menschheitsgeschichte,Die Weltgemeinschaft nach Covid-19: Eine neue Epoche der Menschheitsgeschichte!,leading-byline,Helga Zepp-LaRouche,76,built,helga-zepp-larouche,accept,high,Helga Zepp-LaRouche,34,"von Helga Zepp-LaRouche Die Frage, die jeden denkenden Menschen beschäftigen sollte, ist die, wie die Weltgemeinschaft die Lehren aus der Erfahrung der Covid-19-Pandemie ziehen kann, und wie wir siche",1,,,
66780,de,84826,2021-01-09,der-sturm-auf-das-us-kapitol-farbrevolution-oder-11-september,Der Sturm auf das US-Kapitol: Farbrevolution oder 11. September?,leading-byline,Helga Zepp-LaRouche,76,built,helga-zepp-larouche,accept,high,,34,von Helga Zepp-LaRouche Die Video-Reportage über das Eindringen von einigen Hundert Demonstranten in das Kapitol in Washington am 6. Januar zeigt verstörende Szenen. Bei der Live-Übertragung der Sitzu,1,,,
72720,de,154104,2021-04-18,der-ibykus-ist-wieder-da,Der Ibykus ist wieder da!,leading-byline,Helga Zepp-LaRouche,76,built,helga-zepp-larouche,accept,high,Helga Zepp-LaRouche,34,"von Helga Zepp-LaRouche [one_third] [/one_third] [two_third_last] Nach einer Unterbrechung von 14 Jahren sind wir hocherfreut, unsere Kulturzeitschrift Ibykus wieder neu herausgeben zu können, die b",1,,,
79081,en,155286,2021-09-06,can-the-west-learn-what-afghanistan-needs-now,Can ‘The West’ Learn? What Afghanistan Needs Now!,leading-byline,Helga Zepp-LaRouche,76,built,helga-zepp-larouche,accept,high,Helga Zepp-LaRouche,25,"by Helga Zepp-LaRouche PDF of this statement September 5—The catastrophic failure of NATO in Afghanistan, and with it the policy of 20 years of wars of intervention, couldn’t be more dramatic. It is n",1,,,
79554,en,155363,2021-09-14,greetings-to-the-commemoration-of-the-victims-of-terrorism-at-the-teardrop-memorial,Greetings to the Commemoration of the Victims of Terrorism at the Teardrop Memorial,trailing-sign,Helga Zepp-LaRouche,76,built,helga-zepp-larouche,accept,medium,Helga Zepp-LaRouche,37,"The end of the military campaign by the U.S. and NATO in Afghanistan signifies the “end of an era,” as President Biden has stated, an era of so-called humanitarian interventionist wars. If one looks a",1,,,
79568,de,155363,2021-09-14,grusswort-zur-gedenkfeier-am-tear-of-grief-denkmal,Grußwort zur Gedenkfeier am „Tear of Grief“-Denkmal,leading-byline,Helga Zepp-LaRouche,76,built,helga-zepp-larouche,accept,high,Helga Zepp-LaRouche,34,"Von Helga Zepp-LaRouche Das Ende des Militäreinsatzes der USA und NATO in Afghanistan bedeutet, wie Präsident Biden sagte, das „Ende einer Ära“, einer Ära der sogenannten humanitären Interventionskrie",1,,,
82547,de,155894,2021-11-27,artikel-von-helga-zepp-larouche-nun-kommt-der-winter-unseres-missvergnuegens-was-von-der-neuen-regierung-zu-erwarten-ist,Artikel von Helga Zepp-LaRouche: Nun kommt der Winter unseres Mißvergnügens - Was von der neuen Regierung zu erwarten is,leading-byline,Helga Zepp-LaRouche,76,built,helga-zepp-larouche,accept,high,Helga Zepp-LaRouche,34,"von Helga Zepp-LaRouche Das rauhe Erwachen aus der Scheinwelt der Nicht-Themen, in die die Wähler während des jüngsten Bundestagswahlkampfs ebenso sorgfältig von den Politikern wie von den Medien gewi",1,,,
82917,de,155963,2021-12-11,psychopathen-riskieren-unsere-existenz-deutschland-muss-aus-der-nato-austreten,Psychopathen riskieren unsere Existenz! Deutschland muß aus der NATO austreten!,leading-byline,Helga Zepp-LaRouche,76,built,helga-zepp-larouche,accept,high,Helga Zepp-LaRouche,34,"von Helga Zepp-LaRouche Es scheint angesichts der politischen Orientierung der neuen Regierung in Berlin fast aussichtslos, den sofortigen NATO-Austritt Deutschlands zu fordern. Aber wenn Olaf Scholz ",1,,,
83314,en,156044,2021-12-30,message-of-remembrance-for-the-alexandrov-ensemble-and-the-people-of-russia,Message of Remembrance for the Alexandrov Ensemble and the People of Russia,leading-byline,Helga Zepp-LaRouche,76,built,helga-zepp-larouche,accept,high,,25,"by Helga Zepp-LaRouche Chairwoman, International Schiller Institute In the name of the Schiller Institute, I send you my thoughts on the anniversary of the tragic loss of the members of the Alexan",1,,,
84241,de,156182,2022-01-22,der-weltfrieden-haengt-am-seidenen-faden-eine-neue-sicherheitsarchitektur-ist-existentiell,Der Weltfrieden hängt am seidenen Faden: Eine neue Sicherheitsarchitektur ist existentiell,leading-byline,Helga Zepp-LaRouche,76,built,helga-zepp-larouche,accept,high,Helga Zepp-LaRouche,34,"Von Helga Zepp-LaRouche Nach der hektischen Diplomatie der vergangenen Woche - Baerbock in Kiew und Moskau, Blinken in Kiew, dann in Berlin zum Treffen der Außenminister der USA, Frankreichs, Großbrit",1,,,
84536,en,156255,2022-02-07,100-seconds-to-midnight-on-the-nuclear-war-clock-we-need-a-new-security-architecture,100 Seconds to Midnight on the Doomsday Clock: We Need a New Security Architecture!,leading-byline,Helga Zepp-LaRouche,76,built,helga-zepp-larouche,accept,high,Helga Zepp-LaRouche,25,"by Helga Zepp-LaRouche · February 6, 2022 PDF of this statement “A nuclear war cannot be won and must never be fought,” the five nuclear powers and permanent members of the UN Security Council affir",1,,,
85725,de,156469,2022-03-12,weltweiter-wirtschaftskollaps-droht-neuer-westfaelischer-frieden-letzte-chance,Weltweiter Wirtschaftskollaps droht: Neuer Westfälischer Frieden letzte Chance!,leading-byline,Helga Zepp-LaRouche,76,built,helga-zepp-larouche,accept,high,,34,"von Helga Zepp-LaRouche Mit einer Kombination von in modernen Zeiten beispiellosen Maßnahmen hat Präsident Putin jetzt auf die verschärften Sanktionen des Westens reagiert, um die russische Wirtschaft",1,,,
85768,en,156479,2022-03-14,global-economic-collapse-is-imminent-a-new-peace-of-westphalia-is-our-last-chance,Global Economic Collapse Is Imminent: A New Peace of Westphalia Is Our Last Chance!,leading-byline,Helga Zepp-LaRouche,76,built,helga-zepp-larouche,accept,high,,25,"by Helga Zepp-LaRouche March 12—President Putin has now responded to the West’s tightening sanctions with a combination of measures unprecedented in modern times, to defend the Russian economy against",1,,,
87057,de,156684,2022-04-23,helga-zepp-larouche-westen-zertruemmert-die-weltordnung-xi-baut-neue-sicherheitsarchitektur,Helga Zepp-LaRouche: Westen zertrümmert die Weltordnung - Xi baut neue Sicherheitsarchitektur,leading-byline,Helga Zepp-LaRouche,76,built,helga-zepp-larouche,accept,high,Helga Zepp-LaRouche,34,"Von Helga Zepp-LaRouche Ganze zehn Tage nach der bahnbrechenden Konferenz des Schiller-Instituts, 1 die den Aufbau einer neuen internationalen Sicherheits- und Entwicklungsarchitektur zum Thema hatte",1,,,
89493,en,157124,2022-07-28,zepp-larouche-responds-to-ukrainian-enemies-list,Zepp-LaRouche Responds to Ukrainian Enemies List,trailing-sign,Helga Zepp-LaRouche,76,built,helga-zepp-larouche,accept,medium,,34,"The so-called ""Ukrainian Center for countering Disinformation,"" which is listed as being part of Ukraine's National Security and Defense Council, has released a list of 78 individuals—the first 30 wer",1,,,
89908,de,157197,2022-08-06,helga-zepp-larouche-nancy-pelosi-spielt-die-elefantenkuh-im-porzellanladen-von-taiwan,Helga Zepp- LaRouche: Nancy Pelosi spielt die Elefantenkuh im Porzellanladen von Taiwan,leading-byline,Helga Zepp-LaRouche,76,built,helga-zepp-larouche,accept,high,Helga Zepp-LaRouche,34,"Von Helga Zepp-LaRouche Wenn die Welt noch etwas gebraucht hatte, das so nötig war wie ein Kropf, dann war es der Besuch von Nancy Pelosi in Taiwan. Damit ist zu der extrem gefährlichen und eskalieren",1,,,
91006,de,157339,2022-09-03,100-jahrestag-der-geburt-von-lyndon-larouche-die-ideen-von-lyndon-larouche-werden-die-zukunft-der-menschheit-praegen,100. Jahrestag der Geburt von Lyndon LaRouche - Die Ideen von Lyndon LaRouche werden die Zukunft der Menschheit prägen,leading-byline,Helga Zepp-LaRouche,76,built,helga-zepp-larouche,accept,high,Helga Zepp-LaRouche,34,100. Jahrestag der Geburt von Lyndon LaRouche Die Ideen von Lyndon LaRouche werden die Zukunft der Menschheit prägen Flugblatt-PDF zum Verbreiten Von Helga Zepp-LaRouche Am 8. September vor hundert Ja,1,,,
91052,en,157349,2022-09-05,100th-anniversary-of-the-birth-of-lyndon-larouche-the-ideas-of-lyndon-larouche-will-shape-the-future-of-mankind,100th Anniversary of the Birth of Lyndon LaRouche—The Ideas of Lyndon LaRouche Will Shape the Future of Mankind,leading-byline,Helga Zepp-LaRouche,76,built,helga-zepp-larouche,accept,high,,25,"by Helga Zepp-LaRouche PDF of this statement One hundred years ago, on September 8, Lyndon LaRouche was born, a person whom many people throughout the world, including myself, consider the greatest th",1,,,
91910,de,157450,2022-10-02,helga-zepp-larouche-wer-steckt-hinter-der-sabotage-an-den-nord-stream-pipelines,Helga Zepp-LaRouche: Wer steckt hinter der Sabotage an den Nord-Stream-Pipelines?,leading-byline,Helga Zepp-LaRouche,76,built,helga-zepp-larouche,accept,high,Helga Zepp-LaRouche,34,Von Helga Zepp-LaRouche Die Sabotage und möglicherweise langfristige Zerstörung der beiden Nord-Stream-Pipelines Nord Stream I und II ist ein Angriff auf die existentiellen Interessen Deutschlands und,1,,,
91922,en,157454,2022-10-02,who-is-behind-the-sabotage-of-the-nord-stream-pipelines,Who Is Behind the Sabotage of the Nord Stream Pipelines?,leading-byline,Helga Zepp-LaRouche,76,built,helga-zepp-larouche,accept,high,,25,by Helga Zepp-LaRouche This article was written by Mrs. Zepp-LaRouche for the German weekly Neue Solidarität and translated into English for EIR. She is the founder of the international Schiller I,1,,,
92621,de,157558,2022-11-06,deutschland-ist-in-existentieller-gefahr-wir-brauchen-einen-kurswechsel,Deutschland ist in existentieller Gefahr! Wir brauchen einen Kurswechsel!,leading-byline,Helga Zepp-LaRouche,76,built,helga-zepp-larouche,accept,high,Helga Zepp-LaRouche,34,"Von Helga Zepp-LaRouche PDF Deutschland befindet sich in einer doppelten akuten Gefahr: Wir sind dabei, so gut wie alles zu verlieren, was wir in den Jahrzehnten seit dem Zweiten Weltkrieg wirtschaftl",1,,,
92776,de,157584,2022-11-13,ein-neues-kreditsystem-fuer-die-kommende-wissenschaftliche-revolution,Ein neues Kreditsystem für die kommende wissenschaftliche Revolution,leading-byline,Helga Zepp-LaRouche,76,built,helga-zepp-larouche,accept,high,Helga Zepp-LaRouche,34,Von Helga Zepp-LaRouche Die folgende Rede hielt die Gründerin und Präsidentin des Schiller-Instituts auf der „Internationalen wissenschaftlichen und praktischen Konferenz: Wissenschaftlich-technologis,1,,,
94791,en,157880,2023-02-07,statement-by-the-schiller-institute-on-the-earthquakes,Take this Tragedy as the Opportunity to Lift All Sanctions Against Syria,leading-byline,Helga Zepp-LaRouche,76,built,helga-zepp-larouche,accept,high,,39,"By Helga Zepp-LaRouche PDF of this statement Feb. 6, 2023 (EIRNS)—The recent double earthquake in southern Turkey and northwestern Syria is a terrible disaster which is generating a wave of emotion an",1,,,
94822,de,157880,2023-02-08,diese-tragoedie-als-chance-nutzen-alle-sanktionen-gegen-syrien-aufzuheben,"Diese Tragödie als Chance nutzen, alle Sanktionen gegen Syrien aufzuheben",leading-byline,Helga Zepp-LaRouche,76,built,helga-zepp-larouche,accept,high,Helga Zepp-LaRouche,34,"von Helga Zepp-LaRouche Das jüngste Doppelerdbeben in der Südtürkei und im Nordwesten Syriens ist eine schreckliche Katastrophe, die weltweit eine Welle von Emotionen und Empathie auslöst. Die Situati",1,,,
95681,de,158298,2023-03-04,dritter-weltkrieg-oder-frieden-unterstuetzen-wir-chinas-friedensplan,Dritter Weltkrieg oder Frieden? Unterstützen wir Chinas Friedensplan!,leading-byline,Helga Zepp-LaRouche,76,built,helga-zepp-larouche,accept,high,Helga Zepp-LaRouche,34,"von Helga Zepp-LaRouche Nein, nicht schlafwandelnd, sondern mit weit geöffneten Augen, aber ohne Verstand, ohne Rückgrat und ohne Gewissen treibt uns das transatlantische Establishment auf das Kliff z",1,,,
95760,en,158318,2023-03-06,world-war-iii-or-peace-support-chinas-peace-plan,World War III or Peace? ~ Support China’s Peace Plan!,leading-byline,Helga Zepp-LaRouche,76,built,helga-zepp-larouche,accept,high,Helga Zepp-LaRouche,37,"by Helga Zepp-LaRouche No, not sleepwalking, but rather with eyes wide open, and without reason, backbone or conscience, the trans-Atlantic Establishment is pushing us to the edge of the cliff, beyond",1,,,
98987,de,158768,2023-09-12,brics-eine-groessere-veraenderung-als-das-ende-des-kalten-krieges,BRICS: Eine größere Veränderung als das Ende des Kalten Krieges,leading-byline,Helga Zepp-LaRouche,76,built,helga-zepp-larouche,accept,high,Helga Zepp-LaRouche,34,"Von Helga Zepp-LaRouche Auf der Internetkonferenz des Schiller-Instituts am 9. September hielt die Gründerin und Vorsitzende des Instituts die folgende Rede. (Übersetzung aus dem Englischen, Zwische",1,,,
100045,de,158963,2023-12-21,weihnachtsbotschaft-schwerter-zu-pflugscharen,Weihnachtsbotschaft! - Schwerter zu Pflugscharen!,leading-byline,Helga Zepp-LaRouche,76,built,helga-zepp-larouche,accept,high,Helga Zepp-LaRouche,34,"PDF zum Verbreiten als Flugblatt Von Helga Zepp-LaRouche Niemand wird behaupten können, daß wir schlafwandelnd in den Dritten Weltkrieg stolpern, wie die Historiker dies vom Ersten Weltkrieg 1914 beha",1,,,
100354,de,159001,2024-01-12,nein-eine-grenze-hat-tyrannenmacht-unterstuetzt-die-mutigen-retter-deutschlands,"Nein, eine Grenze hat Tyrannenmacht! Unterstützt die mutigen Retter Deutschlands!",leading-byline,Helga Zepp-LaRouche,76,built,helga-zepp-larouche,accept,high,Helga Zepp-LaRouche,34,"Von Helga Zepp-LaRouche Als Flugblatt ausdrucken . [testimonial person=""Friedrich Schiller, Wilhelm Tell ""] Nein, eine Grenze hat Tyrannenmacht, Wenn der Gedrückte nirgends Recht kann finden, Wenn ",1,,,
104157,de,159489,2024-08-30,schon-wieder-ein-deutscher-sonderweg-deutschland-wird-zur-zielscheibe-im-kommenden-atomkrieg,Schon wieder ein deutscher Sonderweg? Deutschland wird zur Zielscheibe im kommenden Atomkrieg!,leading-byline,Helga Zepp-LaRouche,76,built,helga-zepp-larouche,accept,high,Helga Zepp-LaRouche,34,Von Helga Zepp-LaRouche Als Flugblatt ausdrucken und Verbreiten Nachdem im Krieg um die Ukraine eine rote Linie nach der anderen überschritten worden ist und inzwischen weitreichende Waffen tief im ru,1,,,
105331,de,159646,2024-11-10,deutschland-muss-jetzt-mit-den-brics-nationen-zusammenarbeiten,Deutschland muß jetzt mit den BRICS-Nationen zusammenarbeiten!,leading-byline,Helga Zepp-LaRouche,76,built,helga-zepp-larouche,accept,high,Helga Zepp-LaRouche,33,"Von Helga Zepp-LaRouche, Spitzenkandidatin der BüSo-Landesliste Berlin Auch wenn Deutschland sich in einer schweren Krise befindet, sind die Chancen für deren Überwindung ausgezeichnet. Was dazu aller",1,,,
108282,de,159965,2025-03-23,wir-koennen-und-muessen-das-geopolitische-denken-ueberwinden,Wir können und müssen das geopolitische Denken überwinden,leading-byline,Helga Zepp-LaRouche,76,built,helga-zepp-larouche,accept,high,Helga Zepp-LaRouche,33,"Von Helga Zepp-LaRouche Helga Zepp-LaRouche, Gründerin des Schiller-Instituts und Ko-Initiatorin der Internationalen Friedenskoalition (IPC), eröffnete am 11. März mit den folgenden Ausführungen eine ",1,,,
108807,de,160018,2025-04-11,handelskrieg-aufruestung-weltkrieg-oder-neue-sicherheitsarchitektur,"Handelskrieg, Aufrüstung, Weltkrieg? Oder neue Sicherheitsarchitektur?",leading-byline,Helga Zepp-LaRouche,76,built,helga-zepp-larouche,accept,high,,33,"Von Helga Zepp-LaRouche Präsident Trump hat mit dem einseitigen Erlaß von Zöllen gegen die ganze Welt, dann deren Rücknahme, dann der Eskalation der Zölle gegen China auf 145% einen Prozeß nicht verur",1,,,
115152,de,160659,2026-03-08,nach-dem-us-angriff-auf-den-iranhat-der-dritte-weltkrieg-schon-begonnen,Nach dem US-Angriff auf den Iran: Hat der Dritte Weltkrieg schon begonnen?,leading-byline,Helga Zepp-LaRouche,76,built,helga-zepp-larouche,accept,high,,33,von Helga Zepp-LaRouche Die Vorsitzende des Schiller-Instituts eröffnete das Online-Krisenforum am 2. März mit den folgenden Bemerkungen. (Übersetzung aus dem Englischen.) Sehr geehrte Damen und Herre,1,,,
115165,de,160661,2026-03-08,kaempfen-wir-fuer-die-schoenheit-der-menschlichen-seele,Kämpfen wir für die Schönheit der menschlichen Seele!,leading-byline,Helga Zepp-LaRouche,76,built,helga-zepp-larouche,accept,high,,33,"Von Helga Zepp-LaRouche Das abgrundtiefe Ausmaß der Verderbtheit der Kundschaft des verurteilten Pädophilen Jeffrey Epstein sendet Schockwellen um den ganzen Globus. Den Menschen wird langsam klar, da",1,,,
117095,de,160866,2026-06-17,dringender-appell-von-papst-leo-xiv-haltet-ein-bereut-ehe-es-zu-spaet-ist-der-neue-name-fuer-frieden-heisst-entwicklung,Dringender Appell von Papst Leo XIV.: „Haltet ein! Bereut! Ehe es zu spät ist!“ Der neue Name für Frieden heißt Entwickl,leading-byline,Helga Zepp-LaRouche,76,built,helga-zepp-larouche,accept,high,,33,"von Helga Zepp-LaRouche Von all den wichtigen und dringenden Reden, die in der jüngsten Zeit von Politikern und Experten vieler Länder mit der Absicht gehalten worden sind, die Eskalation der strategi",1,,,
117110,en,160866,2026-06-18,urgent-appeal-from-pope-leo-xiv-stop-repent-before-its-too-late-the-new-name-for-peace-is-development,Urgent Appeal from Pope Leo XIV: 'Stop! Repent! Before It's Too Late!' The New Name for Peace Is Development!,leading-byline,Helga Zepp-LaRouche,76,built,helga-zepp-larouche,accept,high,,33,by Helga Zepp-LaRouche June 17th 2026 Of all the important and urgent speeches delivered recently by politicians and experts from many countries with the aim of preventing the strategic situation from,1,,,
117139,de,160871,2026-06-19,das-iran-abkommen-kann-fuer-die-welt-eine-wende-bedeuten,Das Iran-Abkommen kann für die Welt eine Wende bedeuten!,leading-byline,Helga Zepp-LaRouche,76,built,helga-zepp-larouche,accept,high,Helga Zepp-LaRouche,33,"Von Helga Zepp-LaRouche, Vorsitzende des Schiller Instituts, 16 Juni 2026 Die Unterzeichnung einer Absichtserklärung zwischen Washington und Teheran ist zweifellos ein historischer Durchbruch, indem s",1,,,
117154,en,160871,2026-06-19,iran-deal-can-become-a-game-changer-for-the-world,Iran Deal Can Become a Game-changer for the World!,leading-byline,Helga Zepp-LaRouche,76,built,helga-zepp-larouche,accept,high,,33,"by Helga Zepp-LaRouche Download PDF June 18—The following statement was released today by Helga Zepp-LaRouche, founder and leader of the Schiller Institute. The signing of a memorandum of understandin",1,,,
119706,,,2026-07-27,auf-der-eskalationsleiter-zum-nuklearkrieg-wo-sind-verantwortliche-persoenlichkeiten,Auf der Eskalationsleiter zum Nuklearkrieg: Wo sind verantwortliche Persönlichkeiten?,leading-byline,Helga Zepp-LaRouche,76,built,helga-zepp-larouche,accept,high,,33,Von Helga Zepp-LaRouche Die strategische Lage droht kurzfristig mit zwei eskalierenden regionalen Kriegen &#8211; in der Ukraine und im Nahen Osten &#8211; vollkommen aus der Kontrolle zu geraten und ,1,,,
119268,,,2026-07-28,on-the-escalation-ladder-to-nuclear-war-where-are-the-responsible-figures,On the Escalation Ladder to Nuclear War: Where Are the Responsible Figures?,leading-byline,Helga Zepp-LaRouche,76,built,helga-zepp-larouche,accept,high,,33,by Helga Zepp-LaRouche July 26—The strategic situation threatens to spiral completely out of control in the short term due to two escalating regional wars—in Ukraine and the Middle East—potentially re,1,,,
100757,de,159045,2024-02-14,ein-bericht-vom-treffen-der-internationalen-friedenskoalition-ipc-am-9-februar,Ein Bericht vom Treffen der Internationalen Friedenskoalition (IPC) am 9. Februar.,leading-byline,Daniel Platt,20,none,,new-person,medium,Daniel Platt; Anastasia Battle,33,"„Wir brauchen eine Kehrtwende im moralischen Universum“ Von Daniel Platt Die Online-Diskussion der Internationalen Friedenskoalition (International Peace Coalition, IPC) am 9. Februar begann mit der F",1,,,
100969,en,159091,2024-03-02,international-peace-coalition-march-1-meeting-warns-we-are-sitting-on-a-powder-keg,"International Peace Coalition March 1 Meeting Warns, ‘We Are Sitting on a Powder Keg’",leading-byline,Daniel Platt,20,none,,new-person,medium,Daniel Platt; Helga Zepp-LaRouche,34,"by Daniel Platt March 1, 2024 (EIRNS)—The International Peace Coalition (IPC) met today for its 39th consecutive weekly organizing discussion. Schiller Institute founder Helga Zepp-LaRouche warned t",1,,,
100987,de,159091,2024-03-02,wir-sitzen-auf-einem-pulverfass-ein-bericht-ueber-das-39-treffen-der-internationalen-friedenskoalition,„Wir sitzen auf einem Pulverfaß“ - Ein Bericht über das 39. Treffen der Internationalen Friedenskoalition,leading-byline,Daniel Platt,20,none,,new-person,medium,Daniel Platt; Helga Zepp-LaRouche,34,"Von Daniel Platt Die Internationale Friedenskoalition (IPC) traf sich am 1. März zu ihrer 39. wöchentlichen Internet-Organisationsdiskussion. Die Gründerin des Schiller-Instituts, Helga Zepp-LaRouche,",1,,,
101030,en,159099,2024-03-10,40th-international-peace-coalition-meeting-in-the-foothills-of-a-third-world-war,40th International Peace Coalition Meeting: ‘In the Foothills of a Third World War’,leading-byline,Daniel Platt,20,none,,new-person,medium,Daniel Platt; Helga Zepp-LaRouche,34,"by Daniel Platt March 9, 2024 (EIRNS)—The 40th consecutive weekly online meeting of the International Peace Coalition on March 8 opened with a warning from Schiller Institute founder Helga Zepp-LaRou",1,,,
101044,de,159099,2024-03-10,im-vorgebirge-des-dritten-weltkriegs-ein-bericht-ueber-das-40-treffen-der-internationalen-friedenskoalition,Im Vorgebirge des Dritten Weltkriegs - Ein Bericht über das 40. Treffen der Internationalen Friedenskoalition,leading-byline,Daniel Platt,20,none,,new-person,medium,Daniel Platt; Helga Zepp-LaRouche,34,"Von Daniel Platt Das 40. wöchentliche Online-Treffen der Internationalen Friedenskoalition (IPC) am 8. März begann mit einer Warnung der Gründerin des Schiller-Instituts, Helga Zepp-LaRouche , daß di",1,,,
101499,en,159163,2024-03-30,international-peace-coalition-meeting-we-must-not-lose-our-humanity,International Peace Coalition Meeting: We Must Not Lose Our Humanity,leading-byline,Daniel Platt,20,none,,new-person,medium,,34,"by Daniel Platt March 29, 2024 (EIRNS)--The 43rd consecutive weekly online meeting of the International Peace Coalition began today with an acknowledgment of the importance of the recent memo issued b",1,,,
101673,de,159182,2024-04-07,bericht-vom-44-treffen-der-internationalen-friedenskoalition-eine-vision-davon-entwickeln-wie-du-die-welt-haben-willst,"Bericht vom 44. Treffen der Internationalen Friedenskoalition: „Eine Vision davon entwickeln, wie du die Welt haben will",leading-byline,Daniel Platt,20,none,,new-person,medium,,34,"von Daniel Platt „Das eine Element, das absolut unersetzlich ist, ist die Vorstellung, was wir tun müssen, um die Welt zu einen. Und ich denke, daß … das nur funktionieren kann, wenn es eine regionale",1,,,
102150,en,159241,2024-04-26,think-of-the-one-humanity-and-make-that-a-rule-of-everything-you-do-international-peace-coalition-meeting-4z,"Think of the One Humanity, and Make that a Rule of Everything You do.” - International Peace Coalition Meeting #47",leading-byline,Daniel Platt,20,none,,new-person,medium,,34,"The April 26th meeting of the International Peace Coalition by Daniel Platt April 24--The 47th consecutive online weekly meeting of the International Peace Coalition began today, with remarks by Schi",1,,,
102178,de,159241,2024-04-28,denkt-an-die-eine-menschheit-und-macht-das-zur-regel-fuer-alles-was-ihr-tut-47-ipc-treffen,"„Denkt an die eine Menschheit und macht das zur Regel für alles, was ihr tut“ - 47. IPC Treffen",leading-byline,Daniel Platt,20,none,,new-person,medium,,34,Ein Bericht vom 47. Treffen der Internationalen Friedenskoalition von Daniel Platt Die 47. wöchentliche Online-Sitzung der Internationalen Friedenskoalition (IPC) am 26. April begann mit einem Lageber,1,,,
102275,en,159255,2024-05-04,international-peace-coalition-anything-from-this-geopolitical-kitchen-of-poison-must-be-overcome,International Peace Coalition: Anything from This Geopolitical ‘Kitchen of Poison Must Be Overcome’,leading-byline,Daniel Platt,20,none,,new-person,medium,Daniel Platt; Helga Zepp-LaRouche,34,"by Daniel Platt May 3, 2024 (EIRNS)—Amid the tumult and policy crisis created by the unexpected explosion of opposition to the Biden Administration’s financial and political support of the outlaw Neta",1,,,
102450,en,159280,2024-05-18,become-the-good-samaritan-international-peace-coalition-meeting-50,Become the Good Samaritan - International Peace Coalition Meeting #50,leading-byline,Daniel Platt,20,none,,new-person,medium,,33,"by Daniel Platt May 17, 2024 (EIRNS)—Helga Zepp-LaRouche, founder and chairwoman of the Schiller Institute, opened this week’s 50th consecutive meeting of the International Peace Coalition by discussi",1,,,
102465,de,159280,2024-05-18,werden-sie-der-barmherzige-samariter-50-treffen-der-internationalen-friedenskoalition,Werden Sie der barmherzige Samariter! - 50. Treffen der Internationalen Friedenskoalition,leading-byline,Daniel Platt,20,none,,new-person,medium,,33,"von Daniel Platt Helga Zepp-LaRouche, die Gründerin des Schiller-Instituts, sprach zu Beginn des Treffens der Internationalen Friedenskoalition am 17. Mai über den Mordanschlag auf den slowakischen Mi",1,,,
102547,en,159293,2024-05-25,international-peace-coalition-meeting-intelligence-specialists-speak-out-as-war-looms,International Peace Coalition Meeting: Intelligence Specialists Speak Out as War Looms,leading-byline,Daniel Platt,20,none,,new-person,medium,,33,"by Daniel Platt May 24, 2024 (EIRNS)—This week’s 51st meeting of the International Peace Coalition (IPC) saw a fruitful colloquy among some of the U.S.’s foremost intelligence experts: former CIA anal",1,,,
102761,en,159318,2024-06-08,international-peace-coalition-meeting-no-53-red-lines-are-being-crossed-by-the-day,"International Peace Coalition Meeting, No. 53: ‘Red Lines Are Being Crossed by the Day’",leading-byline,Daniel Platt,20,none,,new-person,medium,,34,"by Daniel Platt The International Peace Coalition (IPC) began its second year of weekly online meetings today, with a strategic overview presented by Schiller Institute founder Helga Zepp-LaRouche. Sh",1,,,
102784,de,159318,2024-06-08,jeden-tag-werden-rote-linien-ueberschritten-ein-bericht-vom-53-treffen-der-internationalen-friedenskoalition-ipc,„Jeden Tag werden rote Linien überschritten“ - Ein Bericht vom 53. Treffen der Internationalen Friedenskoalition (IPC),leading-byline,Daniel Platt,20,none,,new-person,medium,,34,Von Daniel Platt Die Internationale Friedenskoalition (IPC) begann am 7. Juni das zweite Jahr ihrer wöchentlichen Online-Treffen mit einem strategischen Überblick der Gründerin des Schiller-Instituts ,1,,,
102988,de,159333,2024-06-16,internationale-friedenskoalition-ende-der-unterwuerfigkeit-gegenueber-dem-hegemon,Internationale Friedenskoalition: „Ende der Unterwürfigkeit gegenüber dem Hegemon“,leading-byline,Daniel Platt,20,none,,new-person,medium,,34,von Daniel Platt Ein Bericht vom 54. Treffen der Internationalen Friedenskoalition am 14. Juni 2024. Die Internationale Friedenskoalition (IPC) setzte am 14. Juni ihr zweites Jahr wöchentlicher intern,1,,,
103346,en,159375,2024-07-06,the-accelerating-pace-of-world-events-57th-meeting-of-the-international-peace-coalition,The Accelerating Pace Of World Events - 57th Meeting of the International Peace Coalition,leading-byline,Daniel Platt,20,none,,new-person,medium,,34,"by Daniel Platt Today, July 5, the 57th consecutive weekly online meeting of the International Peace Coalition (IPC) focused on a number of striking developments which had occurred in the preceding da",1,,,
103352,de,159375,2024-07-06,die-weltereignisse-beschleunigen-sich-bericht-vom-57-treffen-der-internationalen-friedenskoalition,Die Weltereignisse beschleunigen sich - Bericht vom 57. Treffen der Internationalen Friedenskoalition,leading-byline,Daniel Platt,20,none,,new-person,medium,,34,"von Daniel Platt Am 5. Juli fand das 57. wöchentliche Online-Treffen der Internationalen Friedenskoalition (IPC) statt, das sich mit den wesentlichen Ereignissen der vergangenen Woche befaßte. Helga Z",1,,,
103470,en,159386,2024-07-13,the-nato-summit-a-shell-of-bravado-58th-meeting-of-the-international-peace-coalition,The NATO Summit: a ‘Shell Of Bravado’ - 58th Meeting of The International Peace Coalition,leading-byline,Daniel Platt,20,none,,new-person,medium,,34,"by Daniel Platt July 12, 2024 (EIRNS)--Today’s meeting was opened by Schiller Institute founder Helga Zepp-LaRouche , who characterized the recent NATO summit as ""incredibly bellicose."" Numerous iron",1,,,
119772,,,2026-08-07,eir-krisenforum-zur-krise-der-zwangsmigration,EIR-Krisenforum zur Krise der Zwangsmigration,leading-byline,Daniel Platt,20,none,,new-person,medium,,33,"14 Redner aus aller Welt sprachen am 31. Juli darüber, wie man die Ursachen der unfreiwilligen Migration beheben kann. von Daniel Platt Am 31. Juli trafen sich Diplomaten, Wissenschaftler und Aktivist",1,,,
97442,en,158540,2023-07-11,july-8-9-schiller-institute-european-conference-summary,July 8-9 Schiller Institute European Conference Summary,leading-byline,Kevin Gribbroek,14,none,,new-person,medium,,25,"On the Verge of a New World War—European Nations Must Cooperate with the Global South! by Kevin Gribbroek July 9—A two-day international conference was held this weekend in Strasbourg, France by the S",1,,,
100826,de,159065,2024-02-24,eine-friedensvision-fuer-milliarden-jahre-ein-bericht-vom-treffen-der-internationalen-friedenskoalition-ipc-am-16-februar,Eine Friedensvision für Milliarden Jahre - Ein Bericht vom Treffen der Internationalen Friedenskoalition (IPC) am 16. Fe,leading-byline,Kevin Gribbroek,14,none,,new-person,medium,Kevin Gribbroek; Helga Zepp-LaRouche,34,"Von Kevin Gribbroek „Wir sind an einem Punkt in der Geschichte angelangt, an dem wir uns, weil wir alle in einem Boot sitzen, auf die Ebene der Vernunft erheben müssen, um eine Lösung für die gesamte ",1,,,
100830,en,159067,2024-02-24,ipc-meeting-only-through-development-will-mankind-defeat-the-structures-of-sin,IPC Meeting: Only Through Development Will Mankind Defeat the ‘Structures of Sin’,leading-byline,Kevin Gribbroek,14,none,,new-person,medium,Kevin Gribbroek; Helga Zepp-LaRouche,34,by Kevin Gribbroek The opposite of destruction is love. And what more loving could you do than to create the conditions for every living human being on the planet to fulfill the potential of their lif,1,,,
100922,de,159067,2024-02-25,nur-entwicklung-kann-die-strukturen-der-suende-besiegen-38-ipc-treffen,Nur Entwicklung kann die Strukturen der Sünde besiegen (38. IPC Treffen),leading-byline,Kevin Gribbroek,14,none,,new-person,medium,Kevin Gribbroek; Helga Zepp-LaRouche,34,"Ein Bericht über das 38. Treffen der Internationalen Friedenskoalition Von Kevin Gribbroek „Das Gegenteil von Zerstörung ist Liebe. Und was könnte liebevoller sein, als die Voraussetzungen dafür zu sc",1,,,
101246,en,159128,2024-03-17,cracks-in-the-facade-of-western-hegemony-41st-international-peace-coalition-meeting,Cracks in the Facade of Western Hegemony - 41st. International Peace Coalition Meeting,leading-byline,Kevin Gribbroek,14,none,,new-person,medium,Kevin Gribbroek; Helga Zepp-LaRouche,34,"by Kevin Gribbroek While we should not pay less attention to the danger—which is increasing daily, one can say—it is also clear that if there is a decisive action, there is hope that we can turn the s",1,,,
101338,en,159140,2024-03-23,international-peace-coalition-meeting-the-war-for-humanity-must-be-won-now,International Peace Coalition Meeting: The War for Humanity Must Be Won Now!,leading-byline,Kevin Gribbroek,14,none,,new-person,medium,Helga Zepp-LaRouche,37,"Most people are not thinking that there can be any change, or that they can be part of a change—of changing the entire order of the world. Most people think they’re too small; this is not their job. B",1,,,
101887,en,159207,2024-04-12,international-peace-coalition-meeting-overcoming-the-tragedy-of-geopolitics,International Peace Coalition Meeting: Overcoming the Tragedy of Geopolitics,leading-byline,Kevin Gribbroek,14,none,,new-person,medium,,34,"by Kevin Gribbroek If I stopped to think about what is going on in each part of the world, I would only have time to cry. Therefore, I have to do something to act. Lyndon H. LaROuche Jr. April 12—One",1,,,
101891,de,159207,2024-04-13,die-tragoedie-der-geopolitik-ueberwinden-ein-bericht-vom-45-treffen-der-internationalen-friedenskoalition,Die Tragödie der Geopolitik überwinden - Ein Bericht vom 45. Treffen der Internationalen Friedenskoalition,leading-byline,Kevin Gribbroek,14,none,,new-person,medium,,34,"von Kevin Gribbroek W enn ich einhalten würde, um darüber nachzudenken, was in jedem Teil der Welt vor sich geht, hätte ich nur Zeit zum Weinen. Deshalb muß ich etwas tun, um zu handeln. Lyndon LaRouc",1,,,
102103,en,159232,2024-04-20,the-aesthetic-dynamics-of-peace-international-peace-coalition-meeting-46,The Aesthetic Dynamics of Peace - International Peace Coalition Meeting #46,leading-byline,Kevin Gribbroek,14,none,,new-person,medium,,34,by Kevin Gribbroek I think the whole concept of the Oasis Plan is exactly to interrupt forever this cycle of Intifada revenge. The whole point is that if there is no justice in allowing a two-state so,1,,,
102106,de,159232,2024-04-20,die-aesthetische-dynamik-des-friedens-ein-bericht-vom-46-treffen-der-internationalen-friedenskoalition,Die ästhetische Dynamik des Friedens - Ein Bericht vom 46. Treffen der Internationalen Friedenskoalition,leading-byline,Kevin Gribbroek,14,none,,new-person,medium,,34,"von Kevin Gribbroek „Ich denke, das Konzept des Oasenplans ist vor allem, den Zyklus der Intifada-Rache für immer zu durchbrechen. Der Punkt ist, die Gewalt wird weitergehen, wenn es keine Gerechtigke",1,,,
103065,en,159343,2024-06-22,international-peace-coalition-meeting-june-21-is-putins-peace-proposal-the-last-chance-for-humanity,International Peace Coalition Meeting June 21: Is Putin’s Peace Proposal the Last Chance for Humanity?,leading-byline,Kevin Gribbroek,14,none,,new-person,medium,,34,https://youtu.be/kOh1Ul34jGA by Kevin Gribbroek “If we would come out of this discussion with a clarion call to spread the news about the Putin peace proposal—because it’s not discussed in the media—i,1,,,
103084,de,159343,2024-06-22,ist-putins-friedensvorschlag-die-letzte-chance-fuer-die-menschheit,Ist Putins Friedensvorschlag die letzte Chance für die Menschheit?,leading-byline,Kevin Gribbroek,14,none,,new-person,medium,,34,Ist Putins Friedensvorschlag die letzte Chance für die Menschheit? Bericht vom 55. Treffen der Internationalen Friedenskoalition Von Kevin Gribbroek Im Mittelpunkt der 55. Internet-Sitzung der Interna,1,,,
103250,en,159364,2024-06-29,international-peace-coalition-56-there-is-light-at-the-end-of-the-tunnel,International Peace Coalition 56: There Is Light at the End of the Tunnel,leading-byline,Kevin Gribbroek,14,none,,new-person,medium,,34,"By Kevin Gribbroek June 28, 2024 (EIRNS)— “Our task is as urgent as it ever was, and getting more urgent by the hour. But I think that the light at the end of the tunnel is there, because we can see h",1,,,
103266,de,159364,2024-06-29,es-gibt-licht-am-ende-des-tunnels,Es gibt Licht am Ende des Tunnels,leading-byline,Kevin Gribbroek,14,none,,new-person,medium,,34,"Bericht vom 56. Treffen der Internationalen Friedenskoalition Von Kevin Gribbroek „Unsere Aufgabe ist so dringend wie eh und je und wird von Stunde zu Stunde dringlicher. Aber ich glaube, daß es Licht",1,,,
48569,de,19745,2018-09-15,die-menschheit-am-punctum-saliens-gemeinsame-zukunft-oder-neuer-krieg,DIE MENSCHHEIT AM PUNCTUM SALIENS: GEMEINSAME ZUKUNFT - ODER NEUER KRIEG?,leading-byline,Alexander Hartmann,11,none,,new-person,medium,,26,"Von Alexander Hartmann „Das Ende des Kolonialismus: Eine neue gemeinsame Zukunft für die Menschheit“, lautete der Titel der Eröffnungsrede der Vorsitzenden und Gründerin des ",1,,,
48917,de,19805,2018-10-24,die-welt-braucht-nicht-die-dekarbonisierung-sondern-kernfusion-und-ein-neues-bretton-woods,"„Die Welt braucht nicht die Dekarbonisierung, sondern Kernfusion und ein Neues Bretton Woods“",leading-byline,Alexander Hartmann,11,none,,new-person,medium,,26,"Von Alexander Hartmann „Die Neue Seidenstraße und das Ende des Kolonialismus: eine neue gemeinsame Zukunft für die Menschheit“ lautete das Thema eines Forums in Washington mit Helga Zepp-LaRouche, d",1,,,
68052,de,85041,2021-02-05,internetseminar-mit-dem-great-reset-in-den-wirtschaftlichen-niedergang-oder-ein-neues-paradigma-fuer-kooperation,"Internetseminar: „Mit dem ,Great Reset’ in den wirtschaftlichen Niedergang? Oder ein Neues Paradigma für Kooperation?“",leading-byline,Alexander Hartmann,11,none,,new-person,medium,,34,"Warnung vor dem drohenden Absturz in eine Ökodiktatur Von Alexander Hartmann Das Schiller-Institut veranstaltete am 3. Februar ein dreieinhalbstündiges Internetseminar zum Thema „Mit dem ,Great Reset",1,,,
70864,de,153719,2021-03-23,konferenz-die-welt-am-scheideweg-zwei-monate-unter-der-neuen-us-regierung,Konferenz: Die Welt am Scheideweg: Zwei Monate unter der Neuen US-Regierung,leading-byline,Alexander Hartmann,11,none,,new-person,medium,Alexander Hartmann,34,"Den Existenzkrisen der Menschheit entkommen Konferenzbericht von Alexander Hartmann Eine zweitägige Internetkonferenz des Schiller-Instituts bot eine Plattform, um über Maßnahmen gegen die zahlreich",1,,,
71076,de,153792,2021-03-26,den-existenzkrisen-der-menschheit-entkommen,Den Existenzkrisen der Menschheit entkommen,leading-byline,Alexander Hartmann,11,none,,new-person,medium,Alexander Hartmann,34,"Eine zweitägige Internetkonferenz des Schiller-Instituts bot eine Plattform, um über Maßnahmen gegen die zahlreichen Krisen, die die Welt bedrohen, zu beraten. Von Alexander Hartmann „Die Welt am Sche",1,,,
84902,de,156313,2022-02-11,wir-muessen-die-weltoeffentlichkeit-aufruetteln-zu-einer-langfristigen-loesung-fuer-afghanistan,„Wir müssen die Weltöffentlichkeit aufrütteln zu einer langfristigen Lösung für Afghanistan“,leading-byline,Alexander Hartmann,11,none,,new-person,medium,Alexander Hartmann | Neue Solidarität,34,"Von Alexander Hartmann , Chefredakteur Neue Solidarität „Die humanitäre Krise in Afghanistan: auf dem Weg zu einer langfristigen Lösung“ lautete der Titel eines gemeinsamen Seminars, das der Russisc",1,,,
86802,de,156640,2022-04-15,zum-100-jahrestag-von-rapallo,Zum 100. Jahrestag von Rapallo,leading-byline,Alexander Hartmann,11,none,,new-person,medium,,34,"Von Alexander Hartmann, Chefredakteur der Neuen Solidarität Vor 100 Jahren, am 16. April 1922, schlossen Deutschland, vertreten durch seinen Außenminister Walther Rathenau, und der Russischen Föderat",1,,,
97565,de,158540,2023-07-14,schiller-institut-konferenz-in-strasbourg-die-europaeischen-nationen-muessen-mit-dem-globalen-sueden-kooperieren,Schiller-Institut Konferenz in Straßburg: Die europäischen Nationen müssen mit dem Globalen Süden kooperieren!,leading-byline,Alexander Hartmann,11,none,,new-person,medium,Alexander Hartmann | Neue Solidarität,34,"Von Alexander Hartmann Am 8. Juli 2023 fand erstmals nach der COVID-Krise wieder eine zweitägige internationale Präsenzkonferenz des Schiller-Instituts statt, in einem historischen Saal in Straßburg, ",1,,,
103472,de,159386,2024-07-14,der-weg-zum-frieden-ist-nicht-unmoeglich-58-treffen-der-internationalen-friedenskoalition,„Der Weg zum Frieden ist nicht unmöglich“ - 58. Treffen der Internationalen Friedenskoalition,leading-byline,Alexander Hartmann,11,none,,new-person,medium,,34,"von Alexander Hartmann Helga Zepp-LaRouche eröffnete das 58. Internettreffen der Internationalen Friedenskoalition (IPC) am 12. Juli mit einer ausführlichen Einschätzung des Washingtoner NATO-Gipfels,",1,,,
33607,de,18003,2016-03-17,aufbau-der-wirtschaft-statt-geopolitik-und-malthusianismus,Aufbau der Wirtschaft statt Geopolitik und Malthusianismus,leading-byline,Christine Bierre and Alexander Hartmann,11,partial,christine-bierre,,low,,33,Das Schiller-Institut veranstaltete am 13. und 14. Juni in Paris eine internationale Konferenz zum Thema „Wiederaufbau der Welt in der BRICS-Ära“. von Christine Bierre und Alexander Hartmann Am 13,1,,,
113756,de,160512,2025-12-21,internationale-jugendbewegung-entsteht-eine-neue-strategische-flanke-fuer-das-gute,Internationale Jugendbewegung entsteht: eine neue strategische Flanke für das Gute,leading-byline,Daniel Burke and Alexander Hartmann,11,partial,daniel-burke,,low,,33,"Von Daniel Burke und Alexander Hartmann Für alle Kräfte, die eine neue, gerechte Sicherheits- und Entwicklungsarchitektur für die Welt fordern, entsteht jetzt eine wichtige neue strategische Flanke: e",1,,,
4349,en,3079,2014-02-01,concert-in-memory-of-jfk-immortality-in-the-presidency,Concert in Memory of JFK: Immortality in the Presidency,leading-byline,Dennis Speed,3,built,dennis-speed,accept,high,,33,"This article appeared in the January 24, 2014 issue of Executive Intelligence Review. We post it here with the permission of the publisher. By Dennis Speed I was Twenty-three years old at the t",1,,,
4566,de,3079,2014-02-03,unsterblichkeit-im-prasidentenamt,Unsterblichkeit im Präsidentenamt,leading-byline,Dennis Speed,3,built,dennis-speed,accept,high,,33,"Das Schiller-Institut veranstaltete am 19. Januar ein Konzert zum Gedenken an US-Präsident John F. Kennedy in der Bostoner Heilig-Kreuz-Kathedrale. Von Dennis Speed „Ich war 23 Jahre alt, als ",1,,,
49936,en,19961,2018-11-23,friedrich-schiller-birthday-concert-awakening-the-mind-and-heart,Friedrich Schiller Birthday Concert: Awakening the Mind and Heart,leading-byline,Dennis Speed,3,built,dennis-speed,accept,high,,26,"by Dennis Speed When the G-20 meeting opens in Buenos Aires on November 30, will Ludwig van Beethoven’s Fantasia for Piano, Orchestra and Chorus, Op. 80, be the piece chosen for the opening cere",1,,,
115644,en,160712,2026-03-29,the-issue-of-the-one-humanity-has-to-become-our-battle-cry,‘The Issue of the One Humanity Has To Become Our Battle Cry’,leading-byline,EIR Staff,3,none,,text-only,high,,33,"International Peace Coalition, Week 147 by EIR Staff March 27—The 147th consecutive weekly meeting of the International Peace Coalition (IPC) commenced with a tour d’horizon by Helga Zepp-LaRouche",1,,,
116259,en,160777,2026-04-27,lets-get-real,‘Let’s Get Real.’,leading-byline,EIR staff,3,none,,text-only,high,,33,"International Peace Coalition, Report on #151 by EIR staff April 24—The International Peace Coalition (IPC) commenced its 151st consecutive weekly online meeting with an overview by Schiller Institu",1,,,
119272,,,2026-08-17,u-s-war-machine-is-overextended-but-the-empire-won%ca%bct-go-quietly,"U.S. War Machine Is Overextended, but the Empire Wonʼt Go Quietly",leading-byline,EIR Staff,3,none,,text-only,high,,33,"Report on International Peace Coalition, Week 167 by EIR Staff Aug. 14—The 167th consecutive weekly meeting of the International Peace Coalition (IPC) began with remarks by Helga Zepp-LaRouche, Schi",1,,,
55330,en,20701,2019-08-12,schiller-institut%e2%81%a0e%e2%81%a0-in-china%e2%81%a0-xinjiang-province-china-rejects-all-accusations,Schiller Institut⁠e⁠ in China⁠—Xinjiang Province: China Rejects All Accusations,leading-byline,Christine Bierre,2,built,christine-bierre,accept,high,,26,"by Christine Bierre, Bierrechristine@gmail.com Hardly had the breakthroughs of the Xi-Trump meeting occurred at the G20 Summit in Osaka, Japan than London and its neo-conservative allies, in and o",1,,,
1087,en,1087,2012-12-11,two-opposing-worlds-meet-development-or-death,Two Opposing Worlds Meet; Development or Death,leading-byline,Hussein Askary,2,built,hussein-askary,accept,high,,26,"This article appeared in the September 14, 2012 issue of Executive Intelligence Review. by Hussein Askary September 9, 2012 The Stockholm World Water Week, Aug. 26-31, sponsored by the Swedi",1,,,
55739,en,20755,2019-09-13,the-necessity-of-redefining-sustainable-development-as-sustained-development,The Necessity of Redefining “Sustainable Development” as “Sustained Development”,leading-byline,Hussein Askary and Jason Ross,2,built,hussein-askary|jason-ross,accept,high,Hussein Askary; Jason Ross,26,"[hr toTop=""false"" /] The Belt and Road and Apollo Program: Sources of Inspiration By Hussein Askary and Jason Ross In just a few days, world leaders will gather in New York for the 74 th U.",1,,,
61296,en,21515,2020-07-29,an-outline-for-saving-our-students-educators-and-their-families,"An Outline for Saving Our Students, Educators, and Their Families",leading-byline,Stanley Ezrol,2,none,,text-only,medium,,25,"July 27, 2020 by Stanley Ezrol We want to hear from you! Please send your thoughts, suggestions and indicate how you can help us initiate a discussion to implement our plan to save the school",1,,,
61451,de,21515,2020-07-29,an-outline-for-saving-our-students-educators-and-their-families,"Ein Entwurf zum Schutz unserer Schüler, Lehrer und ihrer Familien",leading-byline,Stanley Ezrol,2,none,,text-only,medium,,25,"Überlegungen, wie in den USA eine Wiedereröffnung der Schulen unter Coronabedingungen ermöglicht werden kann, könnten auch die Diskussion um den Schulbetrieb in Deutschland beleben. Ein Entwurf zu",1,,,
102074,en,159230,2024-04-17,schiller-institute-oasis-plan-april-13-conference-presents-strategic-economic-vision-for-peace-in-southwest-asia-and-beyond,Schiller Institute ‘Oasis Plan’ April 13 Conference Presents Strategic Economic Vision for Peace in Southwest Asia and B,leading-byline,Stewart Battle,2,none,,text-only,medium,,25,"by Stewart Battle April 13—Following the Oct. 7 attack by Hamas on Israel, and the Netanyahu government’s decision to collectively punish Palestinian civilians in retaliation, Helga Zepp-LaRouche, fou",1,,,
102092,de,159230,2024-04-18,eine-konkrete-perspektive-fuer-frieden-durch-wirtschaftliche-entwicklung-in-eurasien,Eine konkrete Perspektive für Frieden durch wirtschaftliche Entwicklung in Eurasien,leading-byline,Stewart Battle,2,none,,text-only,medium,,34,"Von Stewart Battle Ein Bericht über die Konferenz „Der Oasenplan - die LaRouche-Lösung für Frieden durch Entwicklung zwischen Israel und Palästina und ganz Südwestasien“, die am 13. 4. 2024 vom Schill",1,,,
97668,de,158583,2023-07-18,am-rande-eines-neuen-weltkriegs-die-europaeischen-nationen-muessen-mit-dem-globalen-sueden-kooperieren,Am Rande eines neuen Weltkriegs: Die europäischen Nationen müssen mit dem Globalen Süden kooperieren!,trailing-sign,Alberto Prestininzi,1,none,,text-only,medium,,33,"Konferenz des Schiller-Instituts, 8.-9. Juli 2023 Am Rande eines neuen Weltkriegs: Die europäischen Nationen müssen mit dem Globalen Süden kooperieren! In der Rednerliste finden Sie Links zu den separ",1,,,
92442,de,157537,2022-10-29,schafft-eine-globale-massenbewegung-gegen-die-gefahr-eines-atomkriegs,Schafft eine globale Massenbewegung gegen die Gefahr eines Atomkriegs!,leading-byline,Cynthia Rush,1,none,,text-only,medium,Cynthia Rush,34,Von Cynthia Rush Das zweite internationale Seminar aktiver und ehemaliger Parlamentsabgeordneter „Für den Weltfrieden - Stoppt die Atomkriegsgefahr!“ findet bereits ein Echo in der ganzen Welt. Mit 15,1,,,
91614,de,157424,2022-09-29,reaktionen-aus-aller-welt-auf-die-ukrainische-nazi-hitliste-teil-3,Reaktionen aus aller Welt auf die ukrainische Nazi-Hitliste - Teil 3,leading-byline,EIR,1,none,,text-only,high,,34,Von EIR 20. August - Dies ist der dritte Teil der EIR-Zusammenstellung von weltweiten Reaktionen auf die Veröffentlichung einer Schwarzen Liste – im Wesentlichen einer „Hitliste“ – von 72 prominenten ,1,,,
25777,de,17313,2015-05-08,ost-west-dialog-fur-den-aufbau-der-gemeinsamen-zukunft-2,Ost-West-Dialog für den Aufbau der gemeinsamen Zukunft!,leading-byline,Elke Fimmen,1,built,elke-fimmen,accept,high,,33,Von Elke Fimmen „Ost-West-Dialog“ – so lautete das diesjährige Thema des von der Agentur Art-Assemblee organisierten IV. Kultur- und Business-Forums. Zu der hochrangigen Veranstaltung vom 24.-26. A,1,,,
93213,de,157653,2022-12-01,ehemalige-kolonisatoren-jetzt-kolonisiert,Ehemalige Kolonisatoren jetzt kolonisiert,leading-byline,Ex-Präsident Donald Ramotar,1,none,,text-only,medium,Donald Ramotar | former President of Guyana,34,"Von Ex-Präsident Donald Ramotar Die militärischen Operationen Rußlands in der Ukraine bringen viele Dinge ans Licht, die den meisten Völkern der Welt verborgen geblieben sind. Eines davon ist der wahr",1,,,
93482,de,157701,2022-12-12,mexikos-journalistenclub-ehrt-schiller-institut-mit-preis-fuer-meinungsfreiheit-2,Mexikos Journalistenclub ehrt Schiller-Institut mit Preis für Meinungsfreiheit,leading-byline,Gerardo Castilleja Chávez and Gretchen Small,1,partial,gretchen-small,,low,,33,"Von Gerardo Castilleja Chávez und Gretchen Small Der Journalistenclub von Mexiko hat die Ergebnisse seines prestigeträchtigen 70. nationalen und internationalen Journalistenwettbewerbs bekanntgegeben,",1,,,
52688,de,20335,2019-03-27,warum-larouches-rehabilitierung-fur-deutschland-wichtig-ist,Warum LaRouches Rehabilitierung für Deutschland wichtig ist,leading-byline,Harley Schlanger,1,built,harley-schlanger,accept,high,,28,"Von Harley Schlanger Es wäre nicht verwunderlich, wenn viele Menschen in Deutschland verwirrt sind und sich fragen, was genau in den Vereinigten Staaten mit den Ermittlungen gegen Präsident Trump ",1,,,
84610,de,156261,2022-02-07,internetseminar-10-2-2022-die-humanitaere-krise-in-afghanistan-auf-dem-weg-zu-einer-langfristigen-loesung,"Internetseminar, 10.2. 2022 - „Die humanitäre Krise in Afghanistan: Auf dem Weg zu einer langfristigen Lösung“",trailing-sign,Iwan Safrantschuk,1,none,,text-only,medium,,34,"Das Seminar wird am 10. Februar 2022 ab 14.00 Uhr live in englisch auf unten stehendem Videolink ausgestrahlt. Lesen Sie Helga Zepp-LaRouches Rede ""Afghanistan: eine Hölle auf Erden"" hier . „Wir müs",1,,,
59849,de,21308,2020-06-09,former-amb-of-burundi-to-the-u-s-get-their-knee-off-larouches-neck-%e2%80%af,"Ehemaliger Botschafter von Burundi in den USA: „Nehmt euer Knie von LaRouches Hals""",leading-byline,Jacques Bacamurwanko,1,none,,text-only,medium,Jacques Bacamurwanko | ehem. Botschafter Burundis in den USA,25,"Ein Aufruf zur Rehabilitierung von Lyndon LaRouche Von Jacques Bacamurwanko Als Reaktion auf das schreckliche Verbrechen, das in Minneapolis an George Floyd begangen wurde, erhielten wir die folgende ",1,,,
85629,de,156453,2022-03-11,jacques-cheminade-warum-die-ukraine-nicht-der-europaeischen-union-beitreten-sollte,Jacques Cheminade: Warum die Ukraine nicht der Europäischen Union beitreten sollte,leading-byline,Jacques Cheminade,1,built,jacques-cheminade,accept,high,Jacques Cheminade,34,"Von Jacques Cheminade Am 7. März begann die Europäische Union mit der Prüfung der Beitrittsanträge der Ukraine, Georgiens und Moldawiens, die nach der russischen Militäroperation gegen die Ukraine ein",1,,,
55109,en,20675,2019-07-31,houston-community-meeting-mobilizes-for-project-artemis-and-beyond,Houston Community Meeting Mobilizes for Project Artemis and Beyond,leading-byline,Kesha Rogers and Brian Lantz,1,partial,kesha-rogers,,low,,26,"by Kesha Rogers and Brian Lantz ”Houston, Shackleton Base Here: Artemis 3 has landed!” You may be saying, “What? What is Shackleton Base? Isn’t it Tranquility? Artemis 3 has landed? I thought it w",1,,,
72199,de,154035,2021-04-14,mit-vereinten-kraeften-gegen-pandemie-und-hungersnot,Mit vereinten Kräften gegen Pandemie und Hungersnot,leading-byline,Lynne Speed,1,none,,text-only,medium,,34,"Komitee für die Coincidentia Oppositorum von Lynne Speed 11. April - Die Welt hat nun einen neuen, schrecklichen Meilenstein erreicht: weltweit mehr als drei Millionen Todesfälle durch COVID-19. Da di",1,,,
92438,de,157535,2022-10-29,jugendkonferenz-baut-ein-neues-paradigma-besiegt-den-gruenen-faschismus,"Jugendkonferenz: Baut ein neues Paradigma, besiegt den grünen Faschismus",leading-byline,Marcia Merry Baker,1,built,marcia-merry-baker,accept,high,,34,"Von Marcia Merry Baker Das Schiller-Institut veranstaltete am 15. Oktober im New Yorker Stadtteil Manhattan eine eintägige internationale Konferenz mit dem Titel „Baut ein neues Paradigma, besiegt den",1,,,
114120,de,160554,2026-01-12,eine-westfaelische-friedensordnung-fuer-suedwestasien,Eine Westfälische Friedensordnung für Südwestasien,leading-byline,Michelle Rasmussen,1,none,,text-only,medium,Michelle Rasmussen; Manuel Hassassian | Palestinian Ambassador,33,"Von Michelle Rasmussen Ein Seminar in Kopenhagen befaßte sich damit, wie durch wirtschaftliche Entwicklung endlich Frieden in Palästina, Israel und den Nachbarländern geschaffen werden kann. Das Schil",1,,,
33017,en,17949,2016-02-25,ukrainian-government-in-chaos-leftist-opposition-appeals-against-police-state-repression,"Ukrainian Government in Chaos, Leftist Opposition Appeals against Police-State Repression",leading-byline,Rachel Douglas,1,built,rachel-douglas,accept,high,,33,"by Rachel Douglas 23 Feb.—With Russian President Vladimir Putin’s dramatic Feb. 22 announcement of agreement between Russia and the United States on joint enforcement of a ceasefire in Syria, it i",1,,,
92780,de,157586,2022-11-13,aussichten-fuer-eine-auf-fusionsenergie-basierende-wirtschaft-fuer-die-brics-staaten-und-ihre-partner,Aussichten für eine auf Fusionsenergie basierende Wirtschaft für die BRICS-Staaten und ihre Partner,leading-byline,Richard A. Black,1,none,,text-only,medium,,34,Von Richard A. Black Richard A. Black ist der Vertreter des Schiller-Instituts bei den Vereinten Nationen in New York. Die folgende Rede hielt er auf der „Internationalen wissenschaftlichen und prakti,1,,,
91162,en,157363,2022-09-09,conference-inspiring-humanity-to-survive-the-greatest-crisis-in-world-history,Conference: Inspiring Humanity to Survive the Greatest Crisis in World History,trailing-sign,Schiller Institute,1,person-map,schiller-institute,accept,medium,,25,"On the 100th Anniversary of Lyndon LaRouche's Birth Saturday, September 10, 2022 Panel 1 — 10am EDT, 4pm CET How to Inspire Humanity to Survive the Greatest Crisis in World History https://youtu.be/4F",1,,,
112952,en,160412,2025-11-07,live-nov-8-9-international-conference-the-emancipation-of-africa-and-the-world-majority-a-challenge-for-europe,"Live - Nov 8/9 international conference: The Emancipation of Africa and the World Majority, A Challenge for Europe",trailing-sign,Schiller Institute International,1,none,,text-only,high,,33,"On Saturday, November 8, in Paris, we invite you to an international gathering. In this context, we invited representatives from a delegation of the International Schiller Institute . Committed citiz",1,,,
54366,en,20583,2019-06-26,schiller-institutes-sebastien-perimony-goes-to-ivory-coast-angola,Schiller Institute's Sébastien Périmony Goes to Ivory Coast & Angola,leading-byline,Sébastien Périmony,1,built,sebastien-perimony,accept,high,,26,"by Sébastien Périmony, @SebPerimony Saturday, June 15, 2019, a conference on the New Silk Road was held at the headquarters of the Félix Houphouët-Boigny Foundation for Peace Research in Yamo",1,,,
105345,de,159652,2024-11-10,engagement-fuer-den-frieden-im-globalen-sueden-wird-geschichte-geschrieben,Engagement für den Frieden: Im Globalen Süden wird Geschichte geschrieben,leading-byline,Tobias Faku,1,none,,text-only,medium,,33,Von Tobias Faku Eine Delegation des Schiller-Instituts besuchte anläßlich des Internationalen Tags des Friedens China. Vom 19. bis 21. September veranstaltete die Chinesische Gesellschaft für Frieden ,1,,,
32356,en,17651,2015-10-12,zepp-larouche-presents-eirs-new-silk-road-report-at-beijing-symposium,Zepp-LaRouche Presents EIR's New Silk Road Report at Beijing Symposium,leading-byline,William Jones,1,none,,text-only,medium,,33,"by William Jones [one_half] The Chinese edition of the EIR report, “The New Silk Road Becomes the World Land-Bridge” was officially presented by Helga Zepp-LaRouche, the founder of the Schill",1,,,
