legacy_id,language,trid,source_language
1087,en,1087,
2246,en,1832,
2307,de,1832,en
2380,en,1972,
2382,de,1972,en
2390,en,1973,
2392,de,1973,en
2593,en,2114,
2810,de,2270,en
2831,en,2270,
3015,el,2270,de
3049,ru,2270,de
3783,de,2507,en
3785,en,2507,
3804,en,2512,
4271,en,3044,
4349,en,3079,
4566,de,3079,en
4666,en,3110,
4674,en,3111,
4683,en,3115,
4726,de,3118,
4735,de,3115,en
4764,en,3121,
19601,de,16651,
5034,en,3189,
5037,en,3190,
5039,en,3191,
5042,en,3192,
5044,en,3193,
5046,en,3194,
5048,en,3195,
5053,en,3196,
5089,en,3201,
19599,de,16650,
19597,de,16649,
19595,de,16648,
19593,de,16647,
19589,de,16645,
19591,de,16646,
19587,de,16644,
19585,de,16643,
19583,de,16642,
19581,de,16641,
19579,de,16640,
19575,de,16638,
19577,de,16639,
19573,de,16637,
19571,de,16636,
19567,de,16634,
19569,de,16635,
19563,de,16632,
19565,de,16633,
18463,en,16499,
18807,en,16540,
18836,en,16547,
19506,de,16623,
19561,de,16631,
18951,en,16563,
19003,en,16572,
19052,en,16579,
19559,de,16630,
19557,de,16629,
19554,de,16628,
19552,de,16627,
19221,en,16592,
21824,en,16916,
22705,en,17017,
23530,en,17085,
24587,en,17213,
25248,en,17276,
25474,en,17280,
25477,de,17280,en
25554,en,17290,
25698,de,17302,
25753,ru,17310,
25777,de,17313,
38286,en,18439,
31413,en,17591,
31478,de,17591,en
31700,en,17610,
32204,en,17640,
32211,de,17640,en
32253,it,17640,en
32294,en,17645,
32349,de,17650,
32356,en,17651,
32438,en,17717,
32469,de,17717,en
32710,de,17920,
32734,en,17920,de
32726,ru,17922,
32765,en,17924,
32783,en,17926,
32872,en,17936,
33639,de,17936,en
49444,ru,19882,
33926,de,17989,en
33017,en,17949,
33029,en,17952,
33289,de,17976,
33488,en,17989,
33547,de,17994,
33551,de,17995,
33565,de,17997,
33578,de,18000,
33592,de,18001,
33607,de,18003,
33636,de,18006,
33645,de,18007,
33659,de,18009,
33673,de,18011,
33790,de,18024,
33839,en,18028,
33906,de,18028,en
33985,en,18041,
34087,en,18050,
34132,de,18050,en
34125,de,18054,
34165,de,18057,
34185,en,18057,de
34159,en,18056,
34660,de,18129,
37371,en,18337,
37316,en,18332,
37329,en,18334,
37346,de,18334,en
37397,de,18339,
37437,de,18343,
37465,ru,18345,
37470,ru,18346,
37529,ru,18352,
37533,ru,18353,
37552,ru,18356,
37567,ru,18358,
37581,ru,18360,
37598,ru,18362,
37623,en,18365,
37630,ru,18365,en
37638,de,18365,en
37667,en,18369,
37848,en,18394,
38046,en,18418,
37718,de,18374,en
49410,ru,19878,
37731,en,18378,
37789,en,18384,
37795,de,18384,en
37802,ru,18384,en
37824,ru,18386,de
37808,en,18388,
37821,de,18388,en
37862,en,18398,
38958,en,18490,
38435,en,18452,
38448,de,18452,en
38721,en,18470,
38752,en,18473,
38766,de,18473,en
40114,en,18594,
40076,en,18590,
51274,de,20155,
40604,en,18631,
40640,de,18633,
49256,ru,19852,
49214,ru,19845,
41089,en,18673,
41158,en,18678,
49207,ru,19843,
55358,en,20704,
49258,ru,19853,
41507,en,18709,
49260,ru,19854,
41544,en,18713,
49262,ru,19855,
41679,de,18730,
49264,ru,19856,
41722,en,18737,
41789,en,18744,
41895,en,18757,
49274,ru,19857,
49288,ru,19859,
49294,ru,19860,
49307,ru,19862,
41949,en,18769,
41984,de,18773,
41998,de,18775,
42015,de,18777,
42030,de,18779,
41975,de,18769,en
49209,ru,19844,
42046,de,18783,
49309,ru,19863,
42130,en,18793,
42157,en,18796,
42222,en,18804,
42268,de,18811,
42272,en,18812,
42299,de,18812,en
42313,de,18817,
42319,de,18819,
42354,de,18823,
42376,de,18826,
42399,en,18829,
42422,de,18831,
42429,de,18832,
42443,de,18834,
42449,en,18835,
42470,de,18841,
42482,en,18841,de
42486,de,18843,
42499,en,18843,de
42502,de,18845,
42514,en,18845,de
42517,de,18847,
42699,en,18875,
42729,de,18879,
42731,de,18880,
42745,de,18882,
42758,de,18884,
42770,en,18884,de
42757,en,18887,
42833,en,18898,
42880,de,18904,
42883,de,18906,
42906,en,18906,de
42910,de,18910,
42924,en,18910,de
42978,de,18917,
42985,en,18917,de
42991,en,18920,
43046,de,18920,en
43094,de,18935,
43107,en,18935,de
43137,de,18940,
43151,en,18940,de
43154,de,18942,
43166,en,18942,de
43169,de,18944,
43184,en,18944,de
43193,en,18946,
43203,en,18949,
43215,de,18949,en
43221,en,18953,
43233,de,18953,en
43337,de,18969,
43349,en,18969,de
43352,de,18971,
43364,de,18973,
43377,en,18973,de
43447,en,18987,
43471,de,18990,
43483,en,18990,de
43596,de,19004,
43608,en,19004,de
43611,de,19006,
43623,en,19006,de
43627,de,19009,
43698,en,19020,
43787,de,19034,
43799,en,19034,de
43802,de,19036,
43814,en,19036,de
43859,de,19042,
43871,en,19042,de
43874,de,19044,
43887,de,19046,
43900,de,19049,
43905,en,19050,
43934,de,19056,
43947,en,19056,de
43950,de,19058,
43975,en,19064,
43990,en,19068,
44003,de,19068,en
44073,en,19075,
44155,de,19089,
44167,en,19089,de
44170,de,19091,
44182,en,19091,de
44186,de,19093,
44198,en,19093,de
44212,de,19097,
44224,en,19097,de
44481,en,19122,
44605,de,19135,
44617,en,19135,de
44621,de,19137,
44633,en,19137,de
44636,de,19139,
44648,en,19139,de
44650,de,19141,
44672,en,19141,de
44676,de,19145,
44698,en,19145,de
44701,de,19148,
44703,en,19148,de
44716,de,19153,
44720,en,19154,
44736,de,19156,
44751,de,19159,
44763,en,19159,de
44767,de,19162,
44783,en,19162,de
44787,de,19165,
44789,de,19167,
44812,en,19167,de
44816,de,19171,
44828,de,19173,
44840,en,19173,de
49194,ru,19841,
44858,en,19176,de
44863,en,19178,
44875,de,19178,en
44891,en,19184,
44893,de,19184,en
44896,de,19186,
44931,en,19190,
44965,de,19192,
44967,de,19193,
45006,en,19199,
45090,de,19199,en
45094,en,19209,
45097,de,19209,en
45149,en,19217,
45190,de,19221,
45196,en,19223,
45211,de,19226,
45215,de,19231,
45299,en,19247,
45313,de,19247,en
45316,de,19249,
45328,en,19249,de
45373,de,19258,
45375,en,19258,de
45378,en,19259,
45397,de,19264,
45223,de,19233,
45228,de,19236,
45226,de,19235,
45221,de,19232,
45447,en,19271,
45498,en,19277,
45624,de,19290,
45628,en,19292,
45640,de,19292,en
45740,en,19308,
45752,de,19310,
45757,de,19311,
46061,en,19339,de
46059,de,19339,
46066,de,19340,
46068,en,19340,de
46080,de,19343,
46092,en,19343,de
46096,de,19346,
46108,en,19346,de
46113,en,19350,
46132,de,19354,
46137,en,19355,
46164,de,19360,
46167,de,19361,
46181,en,19361,de
46185,en,19366,
46204,de,19369,
46206,de,19370,
46211,de,19371,
46237,en,19371,de
46251,de,19377,
46254,en,19379,
46257,de,19381,
46270,en,19381,de
46321,de,19389,
46294,en,19385,
46327,en,19390,
46341,de,19393,
46347,de,19395,
46360,en,19395,de
46364,de,19398,
46366,de,19399,
46378,en,19399,de
46382,de,19402,
46394,en,19402,de
46434,en,19407,
46466,en,19411,
46474,en,19412,
46495,en,19416,
46508,de,19418,
52741,ru,20344,
46520,de,19420,
46522,en,19420,de
46525,de,19421,
46528,de,19423,
46540,en,19423,de
46543,en,19425,
46559,de,19429,
46573,en,19429,de
46578,de,19432,
46591,de,19434,
46593,en,19435,
46606,de,19437,
46620,de,19441,
46623,en,19443,
46635,de,19445,
46647,en,19445,de
46651,de,19448,
46684,en,19448,de
46622,en,19442,
46687,en,19452,
46689,en,19453,
46704,de,19456,
46707,en,19456,de
46710,ru,19456,de
46714,de,19458,
46717,en,19460,
46719,en,19461,
46735,en,19466,
46752,de,19472,
46760,en,19474,
46755,de,19473,
47628,de,19600,
46772,en,19476,
46784,en,19478,
46797,de,19478,en
46800,en,19480,
47088,de,19480,en
46812,en,19482,
46834,en,19485,
47091,de,19485,en
46847,en,19487,
47094,de,19487,en
46859,en,19489,
47097,de,19491,en
46871,en,19491,
47100,de,19526,
46883,en,19493,
47102,de,19493,en
46896,en,19495,
47105,de,19495,en
46908,en,19497,
47107,de,19497,en
46924,en,19500,
47110,de,19500,en
46936,en,19502,
46948,en,19504,
46960,en,19506,
47126,de,19506,en
46973,en,19508,
47130,de,19531,
46985,en,19510,
47143,de,19510,en
46997,en,19512,
47145,de,19512,en
47009,en,19514,
47148,de,19514,en
47617,de,19597,
47044,en,19519,
47326,de,19554,
47338,en,19554,de
52745,ru,20345,
47413,en,19563,
47425,en,19565,
47437,de,19565,en
47440,de,19567,
47623,de,19598,
47474,en,19573,
47486,en,19575,
47498,de,19575,en
47501,en,19578,
47513,de,19578,en
47516,en,19581,
47528,de,19581,en
47531,de,19583,
47543,en,19583,de
47568,de,19590,en
47570,de,19591,
47551,de,19588,
47564,en,19588,de
47548,en,19586,
47625,de,19599,
47594,en,19594,
47696,en,19611,
47699,de,19612,
47704,de,19615,
47718,en,19619,
47731,de,19622,
47783,de,19627,
47795,en,19627,de
47803,en,19630,
47819,de,19634,
47821,de,19635,
47833,de,19642,
47847,en,19645,
47852,en,19647,
47866,en,19650,
47878,de,19652,
47882,en,19653,
47963,de,19664,
47975,en,19664,de
47989,en,19668,
48132,en,19682,
48170,en,19686,
48391,de,19686,en
48184,de,19690,
48188,de,19693,
48190,de,19694,
48192,en,19694,de
48195,en,19695,
48394,en,19715,
48397,de,19716,
48466,de,19726,
48469,de,19727,
48471,de,19728,
48473,en,19728,de
48476,en,19729,
48495,en,19731,
48513,en,19736,
48536,en,19740,
48569,de,19745,
48576,de,19750,
48595,en,19753,
48608,en,19755,
48677,en,19761,
48698,de,19765,
48702,de,19766,
48709,en,19768,
48734,en,19773,
48755,de,19777,
48757,en,19778,
48793,de,19784,
48795,en,19784,de
48813,de,19788,
48800,en,19785,
48820,en,19789,
48835,de,19792,
48837,de,19793,
48840,en,19794,
52966,en,20373,
48917,de,19805,
48919,de,19806,
48931,en,19806,de
53346,ru,20422,en
48934,en,19808,
48938,en,19809,
48943,de,19812,
49178,en,19812,de
48955,de,19814,
49182,de,19836,
49311,en,19836,de
49186,en,19838,
49188,de,19838,en
49323,en,19868,
49460,de,19886,
49467,en,19887,
49479,en,19889,
49493,en,19895,
49500,de,19898,
49509,de,19900,
49514,en,19903,
49542,de,19907,
49545,en,19908,
49558,en,19910,
49578,de,19916,
49581,de,19918,
49589,en,19918,de
49583,de,19919,
49586,en,19920,
49774,de,19920,en
49585,en,19921,
49627,en,19922,
49641,de,19925,
49644,de,19926,
49646,en,19927,
49801,de,19945,
49883,en,19954,
49896,en,19957,
49936,en,19961,
49989,en,19967,
50001,en,19969,
50018,en,19973,
50021,en,19976,
50019,en,19974,
50020,en,19975,
50274,de,19975,en
50143,de,19988,
50188,en,19993,
50272,de,20003,
50298,en,20007,
50339,de,20014,
50344,en,20018,
50416,de,20026,
50437,en,20028,
50470,de,20032,
50473,en,20034,
50488,en,20037,
50536,en,20042,
50651,de,20049,
50656,de,20052,
50707,en,20057,
50765,de,20067,
50767,en,20068,
50843,de,20068,en
50849,de,20077,
51043,en,20127,
52748,ru,20346,
51162,en,20141,
51222,en,20147,
51268,de,20152,
51389,en,20167,
51435,de,20174,
51440,en,20177,
51466,de,20177,en
51452,en,20179,
51648,de,20179,en
51470,en,20184,
51511,de,20189,
51626,en,20203,
51958,de,20203,en
51651,en,20206,
51961,de,20206,en
51703,en,20212,
51741,en,20217,
51774,en,20222,
51964,de,20222,en
51954,de,20241,
52006,en,20247,
52020,de,20247,en
53361,ru,20247,en
53366,ru,20425,
52027,en,20252,
52052,en,20255,
52304,de,20255,en
52119,en,20260,
52250,en,20272,
52264,en,20275,
52319,de,20275,en
52355,de,20288,
52327,en,20283,
52358,de,20290,
52391,en,20293,
52406,en,20297,
52458,de,20297,en
52418,en,20299,
52453,de,20299,en
52463,en,20305,
52483,en,20308,
52497,en,20310,
52548,en,20316,
52630,de,20316,en
52590,en,20320,
52603,en,20322,
52656,en,20329,
52669,en,20331,
52940,de,20331,en
52686,de,20334,
52688,de,20335,
52713,en,20339,
52763,de,20339,en
59228,de,21211,
52772,de,20348,
52790,en,20351,
52896,de,20359,
52858,en,20354,
53102,de,20354,en
53066,en,20389,
53078,en,20391,
53326,en,20419,
53368,en,20426,
53382,en,20428,
53397,en,20431,
53412,de,20435,
53415,en,20436,
53444,en,20439,
53457,en,20441,
53591,de,20441,en
53472,en,20444,
53496,en,20447,
53509,de,20449,
53514,de,20451,
53579,de,20457,
53594,de,20459,
53597,en,20461,
53803,de,20461,en
53667,en,20490,
53852,en,20510,
53821,en,20507,
53887,en,20514,
53929,en,20519,
53951,en,20521,
54056,en,20534,
54076,de,20534,en
54079,en,20538,
54139,en,20544,
54164,en,20548,
54242,en,20558,
54269,en,20566,
54281,en,20568,
54298,en,20574,
54336,en,20578,
54363,de,20578,en
54366,en,20583,
53985,en,20526,
54554,en,20602,
54662,de,20602,en
54591,en,20608,
54665,en,20616,
54678,en,20618,
54692,en,20620,
54706,en,20622,
54790,en,20631,
54750,en,20627,
54804,en,20633,
54827,en,20636,
54861,en,20641,
54946,en,20654,
54972,de,20654,en
54519,en,20598,
54977,en,20658,
55371,de,20658,en
54943,de,20652,
55085,en,20669,
55259,de,20669,en
55121,en,20677,
55109,en,20675,
55241,de,20689,
55263,en,20692,
55332,de,20692,en
55298,en,20696,
55317,en,20699,
55330,en,20701,
55469,en,20717,
55493,en,20720,
55567,en,20729,
55603,de,20729,en
55616,de,20739,
55619,en,20740,
55610,en,20735,
55739,en,20755,
55854,en,20769,
55839,de,20766,
55842,de,20767,
55916,de,20776,
55918,de,20777,
55920,de,20778,
55935,en,20781,
55965,en,20786,
56003,de,20786,en
56007,en,20791,
56070,en,20801,
56098,en,20806,
56148,de,20806,en
56122,en,20810,
56145,de,20810,en
56155,en,20815,
56177,de,20815,en
56184,en,20819,
56208,de,20819,en
56213,en,20824,
56236,en,20828,
56263,de,20833,
56267,en,20834,
56447,de,20834,en
56389,en,20849,
56452,de,20849,en
56686,en,20880,
56711,de,20880,en
56714,de,20884,
56738,en,20887,
56795,de,20894,
56809,en,20894,de
57025,en,20917,
57069,en,20921,
57144,de,20921,en
57148,en,20930,
57164,en,20933,
57438,de,20933,en
57233,en,20941,
57283,en,20947,
57435,de,20947,en
57308,en,20952,
57353,de,20952,en
57324,en,20954,
57360,en,20959,
57432,de,20959,en
57384,en,20963,
57412,de,20963,en
57427,de,20967,
57441,en,20968,
57453,en,20970,
57479,en,20973,
57502,en,20977,
57567,en,20985,
57605,de,20985,en
57582,en,20988,
57608,de,20988,en
57613,de,20993,
57654,de,20998,
57667,en,21001,
57756,de,21001,en
57712,en,21007,
57726,en,21009,
57759,en,21013,
57782,en,21017,
57800,de,21017,en
57804,en,21023,
57843,en,21029,
57909,de,21029,en
57892,en,21034,
57926,en,21039,
57951,de,21039,en
57948,de,21042,
57961,en,21044,
58076,en,21056,
58122,en,21063,
58134,de,21063,en
58277,en,21087,
58136,en,21065,
58150,en,21067,
58163,de,21067,en
58166,en,21070,
58217,de,21070,en
58222,en,21080,
58300,de,21080,en
58235,en,21082,
58258,en,21085,
58317,de,21085,en
58303,en,21091,
58328,de,21091,en
58355,en,21102,
58401,en,21110,
58532,de,21110,en
58392,en,21109,
58524,de,21109,en
58381,en,21107,
58469,de,21117,
58472,en,21118,
58896,de,21118,en
58505,en,21122,
58538,de,21122,en
58465,de,21107,en
58578,de,21127,
58713,de,21138,
58715,en,21139,
58838,de,21139,en
58748,en,21144,
58860,de,21156,
58902,de,21161,
58915,en,21164,
58940,de,21164,en
58788,en,21150,
58943,de,21167,
58957,de,21169,
58846,en,21154,
58995,de,21173,
59004,en,21178,
59156,de,21178,en
59048,en,21185,
59168,en,21202,
59204,de,21202,en
59268,de,21222,
59332,en,21230,
59397,de,21230,en
59363,de,21235,
59370,de,21240,
59383,en,21242,
59471,de,21242,en
59421,de,21248,
59486,zh-hans,21178,en
59484,en,21261,
59687,de,21261,en
59641,en,21282,
59694,de,21282,en
59673,en,21285,
59715,de,21285,en
59713,de,21296,
59721,en,21298,
59733,en,21300,
59768,de,21300,en
59747,de,21303,
59771,en,21308,
59849,de,21308,en
59862,en,21319,
59896,de,21319,en
59900,en,21325,
59966,de,21325,en
60002,de,21336,
60016,en,21340,
60139,de,21340,en
60041,en,21343,
60095,de,21343,en
60098,en,21349,
60161,de,21356,
60174,en,21359,
60170,de,21357,
60187,en,21362,
60219,de,21362,en
60199,en,21364,
60226,de,21364,en
60297,en,21372,
60373,de,21372,en
60334,en,21376,
60370,de,21376,en
60346,en,21378,
60424,de,21378,en
60379,en,21383,
60468,de,21383,en
60394,en,21387,
60407,en,21389,
60427,de,21391,
60440,en,21393,
60471,de,21393,en
60453,en,21395,
60474,de,21395,en
60479,en,21398,
60497,en,21401,
60587,de,21401,en
60562,en,21407,
60593,de,21407,en
60575,en,21409,
60590,de,21409,en
60597,en,21412,
60611,de,21412,en
60617,de,21414,
60619,en,21415,
60633,en,21417,
60690,de,21417,en
60656,en,21420,
60698,de,21420,en
60668,en,21422,
60695,de,21422,en
60732,en,21429,
60744,en,21431,
60770,de,21431,en
60757,en,21433,
60773,de,21433,en
60796,en,21437,
60823,de,21437,en
60818,en,21440,
60829,de,21440,en
60833,en,21445,
60974,de,21445,en
60847,en,21448,
60977,de,21448,en
60859,de,21450,
60960,en,21469,
61017,de,21469,en
61034,en,21479,
61033,en,21478,
61094,de,21478,en
61097,en,21486,
61119,en,21489,
61207,en,21498,
61219,en,21500,
61231,en,21502,
61243,en,21504,
61262,en,21510,
61336,de,21510,en
61274,en,21512,
61339,de,21512,en
61296,en,21515,
61451,de,21515,en
61343,en,21520,
61372,de,21520,en
61376,de,21527,
61380,de,21530,
61398,de,21532,
61400,en,21533,
61422,en,21536,
61425,en,21538,
61532,de,21538,en
61447,de,21541,
61454,en,21542,
61476,de,21545,
61547,en,21556,
61700,de,21556,en
61582,en,21562,
61731,de,21562,en
61678,en,21574,
61706,de,21574,en
61757,de,21584,
61824,en,21596,
61828,en,21598,
61895,de,21598,en
61853,en,21602,
61869,en,21606,
61901,de,21606,en
61881,en,21609,
61898,de,21609,en
61908,de,21611,
61921,de,21613,
61939,en,21617,
61974,de,21617,en
61977,en,21622,
62034,de,21622,en
61999,en,21625,
62031,de,21625,en
62022,de,21628,
62041,de,21631,
62064,en,21637,
62096,en,21641,
62139,en,21645,
62300,en,21657,
62437,de,21657,en
62334,de,21661,
62343,en,21663,
62358,de,21663,en
62425,en,21681,
62456,de,21681,en
62539,en,21705,
62551,en,21707,
62604,de,21707,en
62592,de,21712,
62648,en,21727,
62692,de,21727,en
62701,en,21733,
62755,de,21733,en
62713,en,21736,
62758,de,21736,en
62726,de,21739,
62738,de,21740,
62762,de,21742,
62768,en,21744,
62801,de,21744,en
62840,en,21752,
62856,de,21754,
62886,en,21759,
62955,de,21767,
62969,en,21771,
63002,de,21771,en
63060,de,21779,
63072,de,21782,
63089,de,21784,
63092,de,21786,
63110,en,21788,
63115,de,21791,
63141,en,21796,
63143,de,21796,en
63146,en,21798,
63158,de,21798,en
63165,en,21803,
63230,de,21803,en
63239,de,21811,
63251,de,21814,
63264,de,21817,
63291,en,21825,
63349,en,21828,
63347,en,21832,
63398,en,21835,
63410,de,21835,en
63414,en,21838,
63427,en,21842,
63449,en,21845,
63473,de,21845,en
63524,en,21853,
63562,en,21858,
63574,en,21861,
63596,de,21861,en
63819,de,21866,en
63608,en,21864,
63823,de,21864,en
63615,en,21866,
63669,en,21877,
63681,en,21881,
63694,en,21883,
63773,de,21883,en
63739,de,21890,
63756,en,21893,
63666,en,21875,
63800,de,21901,
63792,en,21899,
63842,en,21907,
63844,de,21909,
63856,en,21913,
63898,de,21913,en
63879,en,21917,
63895,de,21917,en
63933,en,21929,
64011,de,21929,en
63995,en,21937,
63999,en,21940,
64019,de,21940,en
64014,en,21942,
64023,en,21944,
64048,en,21948,
64106,en,21955,
64119,en,21958,
64183,en,21966,
64219,en,21971,
64222,en,21974,
64302,en,21983,
64256,en,21979,
64269,de,21979,en
64392,en,21996,
64395,en,21998,
64401,en,22003,
64423,de,22003,en
64452,en,22011,
64426,en,22006,
64517,de,22006,en
64438,en,22009,
64520,de,22009,en
64456,en,22013,
64458,en,22016,
64523,de,22016,en
64470,en,22019,
64482,en,22022,
64514,de,22022,en
64529,en,22026,
64616,de,22026,en
64613,en,22039,
64577,en,22032,
64600,en,22036,
64632,en,22042,
64634,de,22045,
64646,de,22048,
64660,en,22050,
64682,en,22054,
64695,de,22057,
64708,en,22059,
64714,en,22062,
64738,de,22062,en
64758,en,22068,
64746,en,22065,
64773,de,22071,
64777,de,22073,
64790,en,22076,
64830,de,22076,en
64816,en,22080,
64833,en,22083,
64855,de,22083,en
64913,en,22093,
64987,de,22093,en
64936,en,22096,
64948,de,22099,
64950,en,22101,
64962,en,22105,
64974,en,22107,
64990,de,22107,en
64993,de,22111,
65005,de,22114,
65017,de,22116,
65027,de,22118,
65040,en,22122,
65101,en,22128,
65113,en,22131,
65126,en,22133,
65170,de,22133,en
65206,en,22147,
65240,en,22152,
65294,de,22152,en
65298,en,22159,
65448,de,22159,en
65311,en,22161,
65452,de,22161,en
65334,en,22165,
65455,de,22165,en
65360,en,22170,
65461,en,22181,
65485,de,22181,en
65473,en,22184,
65488,de,22184,en
65491,en,22186,
65515,de,22186,en
65503,en,22189,
65520,en,22193,
65651,de,22193,en
65532,en,22195,
65647,de,22195,en
65544,en,22199,
65566,de,22199,en
65582,en,22203,
65597,de,22207,
65609,en,22209,
65633,de,22213,
65754,en,22227,
65766,de,22227,en
65804,en,22233,
65897,de,22233,en
65817,en,22235,
65877,de,22243,
65920,en,22248,
65924,de,22248,en
65927,en,22251,
65939,de,22251,en
66020,en,84743,
66239,de,84743,en
66032,en,84746,
66244,de,84746,en
66218,en,84761,
66231,de,84761,en
66341,en,84770,
66557,de,84770,en
66353,en,84774,
66561,de,84774,en
66366,en,84776,
66564,de,84776,en
66583,en,84799,
66615,en,84805,
66678,de,84805,en
66682,en,84810,
66734,en,84820,
66758,de,84820,en
66746,en,84823,
66776,de,84823,en
66780,de,84826,
66811,en,84832,
66824,de,84832,en
66837,en,84834,
66850,en,84837,
66882,en,84842,
67006,en,84860,
67070,en,84867,
67116,en,84872,
67139,de,84872,en
67142,en,84876,
67193,en,84883,
67205,en,84887,
67217,en,84889,
67261,en,84896,
67406,en,84912,
67429,en,84916,
67463,en,84920,
67483,en,84923,
67488,en,84926,
67513,en,84932,
67525,de,84932,en
67533,en,84934,
67546,en,84937,
67551,en,84939,
67603,en,84944,
67627,de,84944,en
67615,en,84947,
67630,de,84947,en
67633,en,84950,
67647,en,84952,
67667,en,84955,
67670,en,84958,
67682,en,84961,
67714,en,84966,
67726,en,84968,
67793,de,84968,en
67738,en,84971,
67740,en,84973,
67753,en,84976,
67775,de,84976,en
67788,en,84981,
67803,en,84984,
67815,en,84987,
67828,de,84987,en
67831,de,84989,
67838,en,84991,
67843,en,84994,
67869,de,84998,
67882,en,85000,
67884,en,85003,
67896,en,85006,
67908,en,85009,
67920,en,85012,
68071,de,85012,en
67933,en,85014,
67935,en,85016,
67947,en,85019,
67949,en,85022,
67963,en,85024,
67976,en,85028,
67988,de,85030,
68001,en,85034,
68024,de,85034,en
68028,en,85038,
68052,de,85041,
68074,de,85045,
68106,en,85049,
68108,de,85051,
68116,en,85053,
68118,de,85053,en
68120,en,85056,
68132,de,85056,en
68136,en,85058,
68142,en,85061,
68164,en,85064,
68183,en,85070,
68195,en,85072,
68267,en,85080,
68271,en,85083,
68320,en,85089,
68332,de,85089,en
68346,en,85092,
68355,en,85094,
68359,en,85097,
68392,de,85097,en
68372,en,85100,
68395,de,85100,en
68398,en,85103,
68451,en,85109,
68456,en,85112,
68552,de,85112,en
68480,en,85116,
68584,de,85116,en
68492,en,85119,
68587,de,85119,en
68504,en,85122,
68664,de,85122,en
68564,en,85125,
68570,en,85127,
68655,de,85127,en
68590,en,85131,
68658,de,85131,en
68602,en,85134,
68661,de,85134,en
68618,en,85139,
68614,en,85136,
68641,en,85142,
68688,en,85148,
68783,de,85148,en
68692,en,85150,
68694,en,85153,
68716,en,85158,
68786,de,85158,en
68729,en,85160,
68789,de,85160,en
68742,en,85164,
68747,en,85167,
68908,de,85167,en
68748,en,85170,
68911,de,85170,en
68771,en,85173,
68793,en,85175,
68808,en,85179,
68853,de,85179,en
68830,en,85182,
68855,de,85187,
68883,en,85189,
68885,en,85193,
68959,en,153380,
68992,en,153385,
69013,en,153390,
68996,en,153388,
69027,en,153393,
69030,en,153395,
69084,de,153395,en
69032,en,153397,
69069,en,153402,
69087,en,153405,
69205,en,153409,
69202,en,153407,
69238,en,153414,
69245,en,153418,
69243,en,153416,
69260,en,153423,
69273,en,153425,
69276,en,153428,
69296,en,153436,
69309,en,153439,
69353,de,153439,en
69322,en,153441,
69350,de,153441,en
69361,de,153445,en
69356,en,153447,
69366,en,153450,
69378,en,153452,
69516,de,153452,en
69391,en,153457,
69413,en,153459,
69425,en,153463,
69519,de,153463,en
69438,en,153467,
69451,de,153469,
69464,en,153472,
69476,en,153475,
69478,en,153477,
69480,en,153479,
69492,en,153483,
69541,en,153489,
69554,en,153491,
69558,en,153494,
69632,en,153502,
69646,en,153507,
69669,en,153511,
69673,en,153516,
69676,en,153519,
69698,en,153522,
69704,en,153525,
69718,en,153527,
69730,de,153527,en
69717,en,153531,
69744,en,153534,
69757,en,153536,
69845,en,153545,
69848,en,153548,
69862,en,153551,
69874,en,153553,
69876,en,153556,
69889,en,153558,
69892,en,153561,
69926,en,153566,
69940,en,153571,
69335,en,153445,
69949,en,153575,
69964,de,153575,en
69961,en,153577,
70053,de,153571,en
70060,de,153566,en
70064,en,153596,
70091,de,153602,
70115,en,153605,
70117,en,153608,
70169,de,153608,en
70129,en,153611,
70173,de,153611,en
70147,en,153615,
70155,en,153618,
70192,en,153624,
70204,en,153628,
70190,en,153621,
70228,en,153632,
70243,en,153634,
70247,en,153637,
70262,en,153640,
70275,de,153640,en
70301,en,153656,
70314,en,153659,
70329,en,153663,
70333,en,153666,
70345,en,153669,
70358,en,153672,
70371,de,153672,en
70374,de,153669,en
70427,de,153684,
70443,en,153687,
70455,en,153690,
70467,en,153692,
70470,de,153694,
70500,en,153699,
70508,en,153701,
70497,en,153697,
70510,de,153703,
70534,en,153707,
70536,de,153707,en
70539,en,153709,
70556,en,153713,
70568,de,153716,
70655,en,153726,
70667,en,153729,
70669,en,153731,
70672,de,153731,en
70674,de,153726,en
70677,en,153736,
70581,en,153719,
70788,en,153744,
70792,en,153747,
70829,en,153752,
70841,de,153752,en
70844,de,153747,en
70845,en,153757,
70864,de,153719,en
70871,en,153760,
70883,de,153760,en
70894,en,153763,
70929,en,153769,
70941,en,153772,
70978,en,153777,
71014,de,153777,en
71018,en,153783,
71024,de,153772,en
71026,de,153769,en
71034,en,153786,
71051,en,153789,
71076,de,153792,
71086,en,153794,
71089,en,153799,
71119,en,153803,
71139,de,153805,
71159,en,153808,
71162,en,153811,
71175,en,153814,
71194,en,153816,
71231,de,153816,en
71244,en,153824,
71267,en,153829,
71291,en,153833,
71303,en,153836,
71315,en,153840,
71337,de,153833,en
71356,de,153840,en
71344,en,153843,
71359,de,153836,en
71360,de,153843,en
71363,en,153845,
71366,en,153847,
71373,de,153847,en
71400,en,153851,
71417,de,153854,
71436,en,153856,
71439,en,153859,
71451,en,153862,
71463,en,153865,
71478,en,153868,
71490,en,153871,
71519,en,153874,
71522,en,153876,
71525,en,153879,
71552,de,153879,en
71555,en,153882,
71558,en,153884,
71560,en,153886,
71576,en,153889,
71579,en,153891,
71583,en,153895,
71596,en,153898,
71633,de,153902,
71642,de,153904,
71651,en,153906,
71653,en,153909,
71665,en,153912,
71680,en,153915,
71695,de,153915,en
71698,de,153912,en
71702,de,153909,en
71719,en,153926,
71722,en,153928,
71707,en,153917,
71724,en,153930,
71741,en,153935,
71756,en,153941,
71761,en,153943,
71763,de,153926,en
71765,de,153928,en
71773,en,153947,
71797,de,153947,en
71801,en,153950,
71806,de,153935,en
71809,de,153939,en
71812,en,153952,
71829,en,153957,
71841,en,153959,
71853,en,153963,
71866,de,153959,en
71870,de,153963,en
71872,en,153965,
71875,en,153967,
71886,en,153975,
71911,en,153979,
71923,en,153981,
71948,de,153987,
71953,de,153989,
71960,de,153991,
71967,de,153993,
71969,de,153995,
71935,en,153984,
72036,de,153984,en
72040,de,153981,en
72053,de,153979,en
72065,de,154006,
72011,en,153999,
72090,en,154009,
72102,en,154012,
72114,en,154015,
72126,en,154019,
72127,de,154012,en
72133,de,154009,en
72149,en,154021,
72151,en,154023,
72157,en,154026,
72169,en,154028,
72171,en,154032,
72199,de,154035,
72219,en,154038,
72258,en,154042,
72261,de,154042,en
72263,en,154045,
72275,en,154048,
72302,de,154045,en
72304,en,154052,
72317,en,154054,
72331,en,154057,
72344,en,154059,
72347,en,154062,
72364,en,154064,
72407,de,154054,en
72409,de,154064,en
72433,de,154062,en
72438,en,154067,
72480,en,154070,
72517,en,154078,
72529,en,154082,
72551,en,154087,
72617,de,154087,en
72624,de,154067,en
72639,en,154094,
72651,en,154097,
72663,de,154097,en
72665,de,154094,en
72720,de,154104,
72778,de,154078,en
72781,en,154108,
72783,en,154110,
72813,de,154116,en
72810,de,154113,en
72786,en,154113,
72798,en,154116,
72879,en,154125,
72918,de,154131,
72930,en,154133,
72954,en,154141,
72952,de,154138,
72979,en,154143,
72992,de,154143,en
72997,de,154141,en
73003,de,154133,en
73012,en,154146,
73015,en,154149,
73027,en,154154,
73039,en,154156,
73051,de,154156,en
73057,de,154154,en
73064,de,154149,en
73069,en,154159,
73068,en,154161,
73073,en,154164,
73085,en,154167,
73097,en,154169,
73110,en,154172,
73142,de,154172,en
73145,de,154169,en
73151,de,154164,en
73163,de,154167,en
73165,en,154177,
73175,en,154179,
73195,en,154182,
73208,en,154185,
73220,en,154189,
73256,de,154192,
73278,en,154195,
73290,en,154199,
73306,de,154182,en
73308,de,154185,en
73310,de,154189,en
73330,en,154201,
73342,en,154204,
73354,en,154207,
73367,en,154210,
73387,en,154214,
73399,de,154201,en
73401,de,154204,en
73403,de,154207,en
73413,en,154220,
73415,en,154222,
73417,en,154224,
73430,en,154228,
73469,de,154224,en
73471,de,154228,en
73474,en,154230,
73490,en,154236,
73514,de,154236,en
73479,en,154234,
73521,en,154239,
73524,en,154242,
73536,en,154245,
73549,en,154248,
73561,en,154250,
73574,en,154253,
73577,en,154255,
73589,en,154259,
73601,en,154266,
73613,en,154269,
73625,de,154242,en
73627,de,154245,en
73629,de,154248,en
73631,de,154250,en
73635,de,154255,en
73637,de,154259,en
73639,de,154266,en
73644,en,154272,
73657,en,154275,
73669,en,154278,
73682,de,154272,en
73684,de,154275,en
73687,de,154278,en
73689,de,154281,
73709,en,154283,
73712,en,154285,
73715,en,154288,
73740,de,154288,en
73742,en,154291,
73745,en,154293,
73760,en,154296,
73773,en,154300,
73795,en,154303,
73797,de,154293,en
73799,de,154296,en
73801,de,154300,en
73804,de,154303,en
73809,en,154305,
73808,en,154307,
73823,en,154311,
73835,en,154314,
73847,en,154316,
73859,en,154319,
73861,en,154321,
73864,de,154314,en
73866,de,154311,en
73868,en,154324,
73899,de,154324,en
73903,en,154328,
73915,en,154330,
73953,en,154337,
73957,en,154340,
73970,en,154343,
73982,en,154346,
73995,de,154328,en
73997,de,154330,en
74000,en,154348,
74002,en,154351,
74015,en,154353,
74028,de,154307,en
74031,de,154351,en
74034,de,154353,en
74036,en,154358,
74104,de,154367,
74168,en,154375,
74171,en,154378,
74183,en,154382,
74195,en,154385,
74208,en,154387,
74216,de,154387,en
74225,en,154389,
74240,de,154382,en
74242,de,154378,en
74244,de,154385,en
74248,en,154393,
74262,en,154398,
74254,de,154395,
74279,de,154389,en
74277,en,154401,
74335,en,154407,
74367,de,154407,en
74373,de,154401,en
74375,de,154398,en
74386,de,154410,
74388,de,154411,
74393,en,154416,
74405,en,154418,
74424,en,154423,
74442,de,154423,en
74487,en,154430,
74501,en,154435,
74513,en,154437,
74530,en,154440,
74533,en,154443,
74545,en,154446,
74558,de,154437,en
74562,de,154443,en
74564,de,154446,en
74566,en,154448,
74571,en,154451,
74585,de,154435,en
74569,en,154454,
74598,en,154456,
74618,de,154454,en
74620,de,154456,en
74630,en,154459,
74634,en,154463,
74646,de,154463,en
74632,en,154461,
74660,en,154467,
74672,de,154461,en
74674,de,154467,en
74692,en,154470,
74711,en,159712,
74713,en,154474,
74715,en,154476,
74776,en,154487,
74779,en,154489,
74781,en,154492,
74803,en,154495,
74815,en,154498,
74828,en,154502,
74841,en,154505,
74857,en,154507,
74861,en,154509,
74873,en,154512,
74922,en,154517,
74953,en,154521,
74957,de,154521,en
74972,de,154509,en
74974,de,154517,en
74976,en,154524,
74988,en,154527,
75000,en,154531,
75012,de,154533,
75014,de,154535,
75016,de,154498,en
75018,de,154495,en
75020,de,154505,en
75022,de,154502,en
75027,en,154537,
75029,en,154540,
75041,en,154543,
75057,de,154540,en
75059,de,154543,en
75061,en,154545,
75094,en,154550,
75096,de,154550,en
75150,en,154556,
75156,en,154558,
75160,en,154562,
75182,en,154565,
75197,de,154565,en
75202,de,154562,en
75212,en,154568,
75224,en,154571,
75236,en,154573,
75238,de,154568,en
75243,de,154571,en
75245,en,154575,
75304,en,154583,
75309,en,154585,
75314,en,154587,
75318,en,154589,
75332,en,154593,
75356,en,154596,
75369,de,154589,en
75372,de,154593,en
75376,en,154599,
75380,en,154601,
75385,en,154603,
75400,en,154608,
75387,en,154605,
75405,en,154610,
75417,en,154614,
75430,en,154617,
75443,en,154619,
75446,de,154614,en
75448,de,154610,en
75450,en,154621,
75452,de,154608,en
75455,de,154599,en
75457,de,154601,en
75460,en,154623,
75463,en,154625,
75468,en,154628,
75480,en,154631,
75492,en,154633,
75506,de,154623,en
75508,de,154636,
75521,en,154638,
75525,de,154633,en
75527,de,154628,en
75529,de,154631,en
75537,en,154641,
75549,en,154644,
75561,en,154647,
75587,en,154653,
75599,en,154656,
75611,en,154658,
75614,de,154641,en
75616,de,154647,en
75640,en,154662,
75652,de,154656,en
75656,en,154666,
75668,en,154669,
75680,en,154671,
75703,en,154676,
75716,en,154679,
75728,en,154681,
75732,en,154683,
75744,de,154683,en
75747,de,154686,
75750,de,154669,en
75752,de,154666,en
75756,en,154689,
75768,en,154691,
75770,en,154694,
75782,en,154697,
75796,en,154700,
75808,en,154702,
75830,en,154706,
75847,en,154709,
75860,en,154712,
75872,en,154715,
75575,en,154650,
75908,en,154718,
75915,en,154720,
75919,en,154723,
75931,en,154726,
75992,de,154726,en
75994,de,154723,en
76002,en,154732,
76005,en,154736,
76018,en,154739,
76030,en,154742,
76042,en,154744,
76048,en,154747,
76060,de,154747,en
76074,de,154744,en
76101,en,154751,
76108,en,154753,
76110,en,154756,
76123,en,154758,
76135,en,154762,
76147,en,154765,
76159,en,154768,
76235,de,154768,en
76237,de,154765,en
76239,de,154739,en
76241,de,154742,en
76250,en,154781,
76253,en,154783,
76265,en,154787,
76278,de,154781,en
76280,de,154783,en
76282,de,154787,en
76299,de,154790,
76302,en,154793,
76314,en,154798,
76301,en,154796,
76328,de,154798,en
76331,de,154793,en
76333,en,154801,
76335,en,154803,
76337,en,154806,
76361,en,154810,
76386,de,154806,en
76398,en,154814,
76401,en,154817,
76413,en,154820,
76425,en,154823,
76437,en,154826,
76450,de,154826,en
76458,de,154801,en
76460,en,154828,
76463,en,154830,
76466,en,154832,
76509,en,154839,
76531,en,154843,
76576,de,154832,en
76579,de,154850,
76592,de,154853,
76609,en,154853,de
76648,de,154839,en
76674,en,154868,
76683,en,154871,
76700,de,154871,en
76714,de,154830,en
76716,de,154843,en
76752,en,154877,
76755,en,154882,
76760,en,154885,
76772,en,154887,
76773,de,154885,en
76788,en,154890,
76791,en,154893,
76803,en,154896,
76815,en,154899,
76827,en,154901,
76830,en,154903,
76906,en,154912,
76936,de,154901,en
76994,en,154925,
76981,en,154921,
77086,en,154935,
77098,en,154938,
77110,en,154940,
77113,en,154942,
77117,en,154947,
77129,en,154950,
77141,en,154952,
77144,en,154955,
77157,en,154958,
77169,en,154960,
77181,de,154960,en
77201,en,154964,
77216,en,154969,
77251,en,154973,
77264,en,154976,
77287,en,154981,
77412,en,154994,
77424,en,154997,
77436,en,155001,
77448,en,155004,
77584,en,155018,
77596,en,155024,
77609,en,155027,
77621,en,155031,
77634,en,155035,
77646,en,155039,
77668,en,155042,
77680,de,155045,
77697,en,155049,
77842,en,155060,
77854,en,155064,
77910,de,155060,en
77912,de,155064,en
77925,en,155073,
77937,en,155076,
77920,en,155070,
77950,de,155079,
77976,de,155073,en
77978,de,155076,en
77987,en,155083,
78058,de,155091,
78088,en,155093,
78091,de,155095,
78106,en,155100,
78109,en,155103,
78104,en,155098,
78122,de,155103,en
78124,de,155100,en
78126,de,155105,
78131,en,155108,
78143,en,155111,
78155,en,155115,
78191,en,155120,
78196,en,155123,
78208,en,155126,
78220,en,155129,
78263,en,155134,
78265,en,155139,
78280,en,155144,
78292,en,155147,
78278,en,155141,
78317,de,155134,en
78319,de,155139,en
78321,de,155147,en
78323,de,155144,en
78325,de,155150,
78327,en,155152,
78335,de,155154,
78347,en,155156,
78436,en,155168,
78568,de,155168,en
78571,en,155183,
78590,en,155187,
78613,en,155191,
78621,en,155193,
78623,en,155195,
78638,de,155195,en
78657,en,155199,
78670,en,155203,
78674,de,155205,
78678,de,155199,en
78680,en,155208,
78701,de,155208,en
78718,en,155211,
78740,en,155214,
78791,en,155221,
78806,de,155221,en
78815,en,155224,
78827,en,155227,
78839,en,155230,
78851,en,155233,
78864,de,155227,en
78870,de,155224,en
78872,en,155235,
78876,en,155237,
78881,en,155239,
78884,en,155241,
78886,de,155241,en
78894,de,155230,en
78896,de,155233,en
78898,en,155243,
78900,en,155245,
78905,en,155247,
78907,en,155249,
78909,en,155251,
78913,de,155253,
78925,de,155257,
78937,de,155260,
78949,en,155262,
78955,en,155267,
78967,en,155270,
78979,en,155272,
78982,de,155262,en
78984,en,155274,
79043,de,155282,
79081,en,155286,
79236,en,155303,
79264,en,155307,
79276,en,155310,
79288,en,155314,
79302,de,155310,en
79304,de,155307,en
79307,de,155314,en
79336,en,155319,
79312,en,155317,
79342,en,155324,
79377,en,155327,
79389,de,155327,en
79391,de,155330,
79403,de,155333,
79417,de,155324,en
79419,de,155317,en
79424,en,155335,
79428,en,155337,
79434,en,155340,
79446,en,155343,
79458,en,155346,
79470,en,155349,
79483,de,155349,en
79485,de,155343,en
79489,en,155352,
79506,en,155355,
79518,en,155357,
79554,en,155363,
79566,en,155365,
79568,de,155363,en
79573,en,155367,
79575,en,155369,
79578,de,155355,en
79583,en,155372,
79596,en,155375,
79609,en,155379,
79637,de,155379,en
79642,en,155382,
79654,en,155385,
79667,en,155387,
79675,en,155390,
79687,en,155393,
79700,de,155396,
79713,de,155382,en
79715,de,155393,en
79717,de,155375,en
79719,de,155372,en
79722,en,155398,
79724,en,155401,
79736,en,155403,
79750,en,155406,
79768,en,155410,
79781,en,155413,
79794,de,155406,en
79808,en,155416,
79810,en,155418,
79827,de,155410,en
79829,de,155418,en
79847,en,155422,
79855,en,155424,
79857,de,155424,en
79864,en,155427,
79876,de,155427,en
79878,en,155429,
79880,en,155431,
79893,en,155435,
79908,en,155439,
79920,en,155441,
79929,de,155443,
79931,en,155446,
79943,de,155446,en
79946,de,155435,en
79951,en,155451,
79987,en,155455,
79989,de,155455,en
79995,en,155461,
80007,en,155464,
80019,de,155461,en
80021,de,155464,en
80023,de,155466,
80025,en,155469,
80058,en,155474,
80070,en,155477,
80083,en,155480,
80095,en,155482,
80097,en,155485,
80125,de,155489,
80137,en,155492,
80150,en,155495,
80162,en,155498,
80175,de,155492,en
80177,de,155495,en
80179,de,155498,en
80181,en,155500,
80195,en,155503,
80197,en,155505,
80199,de,155505,en
80213,en,155510,
80216,en,155512,
80222,de,155510,en
80224,de,155512,en
80232,en,155514,
80234,de,155514,en
80311,en,155524,
80391,en,155532,
80575,en,155548,
80587,en,155551,
80604,de,155532,en
80702,en,155563,
80716,de,155563,en
80728,en,155567,
80771,en,155573,
80784,de,155573,en
80826,en,155577,
80900,en,155587,
80924,en,155592,
80961,de,155592,en
80993,en,155597,
81020,en,155601,
81022,en,155605,
81045,en,155608,
81068,en,155612,
81085,en,155614,
81088,en,155617,
81100,en,155620,
81112,en,155623,
81124,de,155617,en
81126,de,155620,en
81129,de,155623,en
81132,de,155605,en
81138,en,155627,
81155,en,155630,
81167,de,155627,en
81173,de,155633,
81191,de,155636,
81297,en,155648,
81299,en,155651,
81311,en,155654,
81323,en,155657,
81335,en,155660,
81347,de,155657,en
81349,de,155660,en
81352,en,155663,
81364,en,155665,
81367,en,155669,
81390,en,155671,
81397,de,155671,en
81401,en,155674,
81414,en,155677,
81429,en,155680,
81456,en,155687,
81460,en,155689,
81478,de,155680,en
81480,de,155687,en
81482,de,155689,en
81488,en,155692,
81490,de,155654,en
81496,en,155695,
81508,de,155697,
81512,en,155700,
81525,en,155703,
81537,en,155706,
81549,en,155708,
81561,de,155711,
81591,en,155715,
81603,en,155718,
81616,en,155721,
81629,en,155723,
81631,en,155727,
81644,en,155730,
81656,en,155733,
81670,en,155735,
81673,de,155735,en
81675,en,155737,
81746,en,155753,
81679,en,155740,
81701,en,155744,
81713,de,155727,en
81715,en,155746,
81718,de,155730,en
81723,de,155733,en
81726,de,155740,en
81728,de,155744,en
81731,en,155748,
81733,en,155751,
81779,en,155759,
81793,en,155761,
81817,en,155769,
81829,en,155772,
81842,en,155776,
81855,en,155779,
81867,en,155782,
81879,de,155761,en
81888,en,155786,
81894,de,155786,en
81908,en,155788,
81914,en,155791,
81913,en,155793,
81996,en,155801,
82016,en,155804,
82019,en,155806,
82022,en,155808,
82160,en,155821,
82163,en,155823,
82169,de,155823,en
82177,en,155825,
82179,en,155828,
82194,de,155825,en
82196,de,155828,en
82199,en,155830,
82232,en,155834,
82235,en,155837,
82252,en,155840,
82269,en,155843,
82284,en,155845,
82288,de,155837,en
82307,en,155849,
82349,en,155853,
82362,de,155830,en
82364,en,155856,
82397,de,155860,
82399,en,155862,
82433,de,155870,
82431,de,155867,
82450,de,155849,en
82458,de,155873,
82470,de,155875,
82473,en,155879,
82485,en,155882,
82500,en,155885,
82524,en,155888,
82526,en,155891,
82541,de,155843,en
82547,de,155894,
82563,de,155856,en
82579,de,155840,en
82583,en,155898,
82596,en,155901,
82608,en,155903,
82659,en,155909,
82662,en,155911,
82668,de,155911,en
82728,de,155913,en
82751,en,155922,
82765,en,155925,
82777,de,155925,en
82782,en,155928,
82794,en,155931,
82673,en,155913,
82809,en,155935,
82821,en,155938,
82833,de,155941,
82845,de,155935,en
82847,de,155938,en
82849,en,155943,
82855,en,155945,
82858,en,155949,
82870,en,155951,
82873,en,155953,
82897,de,155953,en
82899,en,155957,
82901,de,155949,en
82904,en,155960,
82917,de,155963,
82929,en,155966,
82955,en,155969,
82958,en,155972,
82970,en,155975,
82983,en,155978,
82996,en,155981,
83012,de,155978,en
83016,de,155981,en
83020,en,155986,
83023,en,155989,
83038,de,155989,en
83061,en,155993,
83073,en,155996,
83085,en,155999,
83098,en,156003,
83113,de,156003,en
83118,en,156005,
83134,de,155999,en
83121,en,156008,
83149,en,156011,
83167,en,156013,
83168,en,156015,
83176,de,156013,en
83175,de,156008,en
83184,en,156018,
83208,en,156021,
83214,en,156023,
83229,de,156018,en
83238,en,156026,
83242,en,156029,
83262,en,156032,
83274,en,156036,
83298,en,156039,
83311,en,156041,
83314,en,156044,
83327,en,156047,
83358,de,156039,en
83383,de,156023,en
83393,en,156052,
83421,de,156052,en
83424,en,156058,
83446,de,156058,en
83464,en,156061,
83495,de,156044,en
83526,en,156069,
83538,en,156072,
83552,en,156075,
83581,en,156080,
83587,en,156082,
83568,en,156077,
83618,en,156088,
83642,de,156088,en
83630,en,156091,
83701,de,156029,en
83704,de,155996,en
83697,de,156077,en
83713,en,156098,
83715,de,156098,en
83718,en,156100,
83731,en,156104,
83771,de,156100,en
83774,en,156108,
83800,en,156112,
83813,en,156114,
83867,en,156122,
83872,de,156125,
83898,en,156128,
83924,en,156133,
83959,de,156133,en
83966,de,156069,en
83971,en,156137,
83985,en,156141,
83997,en,156144,
84030,en,156148,
84035,en,156150,
84041,en,156152,
84060,en,156155,
84065,en,156158,
84080,en,156160,
84101,en,156164,
84103,en,156167,
84135,de,156158,en
84137,de,156160,en
84144,de,156164,en
84199,en,156176,
84214,de,156176,en
84218,en,156178,
84241,de,156182,
84254,en,156186,
84267,de,156186,en
84284,en,156189,
84286,en,156192,
84287,de,156194,
84303,en,156197,
84316,en,156199,
84338,en,156205,
84351,de,156199,en
84353,de,156205,en
84359,en,156207,
84362,de,156192,en
84364,en,156209,
84367,en,156211,
84370,en,156214,
84383,en,156216,
84396,de,156214,en
84401,en,156220,
84434,en,156224,
84436,en,156226,
84461,en,156230,
84465,en,156232,
84468,en,156234,
84471,en,156236,
84483,en,156242,
84495,en,156245,
84507,de,156236,en
84510,de,156245,en
84512,de,156242,en
84514,en,156248,
84520,de,156251,
84533,en,156253,
84536,en,156255,
84610,de,156261,en
84706,en,156274,
84720,de,156277,
84753,en,156281,
84765,de,156281,en
84767,en,156283,
84770,en,156286,
84782,de,156286,en
84785,en,156289,
84797,en,156292,
84586,en,156261,
84812,en,156295,
84824,en,156298,
84839,de,156301,
84875,en,156305,
84888,en,156307,
84890,de,156310,
84902,de,156313,
84916,de,156298,en
84919,de,156315,
84929,en,156318,
84942,en,156321,
84964,en,156325,
84976,de,156327,
84994,en,156331,
85009,en,156334,
85014,en,156338,
85029,en,156341,
85033,en,156345,
85082,de,156345,en
85089,en,156349,
85093,de,156352,
85107,en,156355,
85119,en,156358,
85122,en,156360,
85160,en,156364,
85163,de,156366,
85172,en,156368,
85174,de,156370,
85183,de,156372,
85188,de,156375,
85204,en,156377,
85210,en,156380,
85224,en,156383,
85261,de,156383,en
85302,en,156390,
85319,en,156395,
85351,en,156397,
85372,en,156401,
85385,en,156405,
85432,de,156405,en
85437,en,156411,
85450,de,156411,en
85453,en,156414,
85473,en,156417,
85486,en,156419,
85492,de,156419,en
85498,en,156422,
85512,en,156424,
85526,en,156427,
85530,en,156429,
85545,en,156433,
85557,en,156435,
85560,en,156437,
85562,de,156437,en
85566,en,156439,
85580,en,156442,
85605,en,156446,
85607,de,156439,en
85609,de,156442,en
85622,en,156449,
85624,en,156451,
85627,de,156451,en
85629,de,156453,
85632,en,156455,
85639,de,156459,
85674,en,156464,
85725,de,156469,
85741,en,156471,
85744,en,156474,
85756,en,156477,
85768,en,156479,
85773,en,156481,
85778,en,156483,
85786,en,156485,
85807,de,156474,en
85811,de,156477,en
85815,en,156488,
85818,en,156490,
85836,en,156493,
85838,en,156501,
85976,en,156510,
86000,en,156512,
86004,de,156514,
86087,en,156523,
86089,en,156525,
86094,en,156527,
86120,en,156531,
86126,en,156533,
86129,en,156536,
86141,en,156539,
86153,en,156542,
86165,en,156545,
86178,de,156533,en
86180,de,156536,en
86182,de,156539,en
86184,de,156542,en
86187,de,156545,en
86202,en,156548,
86237,en,156554,
86250,en,156557,
86262,en,156561,
86285,en,156564,
86298,en,156568,
86330,en,156573,
86342,en,156576,
86355,en,156578,
86378,en,156582,
86380,de,156554,en
86383,de,156557,en
86385,de,156561,en
86387,de,156564,en
86390,de,156568,en
86393,de,156573,en
86395,de,156576,en
86397,de,156525,en
86401,de,156582,en
86410,en,156588,
86477,en,156595,
86505,en,156598,
86538,en,156603,
86540,de,156588,en
86553,en,156605,
86556,de,156605,en
86567,en,156608,
86581,de,156608,en
86585,en,156610,
86671,en,156616,
86684,en,156619,
86687,en,156621,
86711,en,156626,
86692,en,156624,
86769,en,156632,
86773,en,156634,
86787,en,156637,
86790,en,156640,
86802,de,156640,en
86804,en,156642,
86869,en,156652,
86882,en,156655,
86899,en,156658,
86923,de,156652,en
86925,de,156658,en
86930,de,156655,en
86939,en,156662,
86959,en,156665,
86961,de,156665,en
86982,en,156668,
86987,en,156671,
87000,en,156674,
87013,de,156671,en
87017,de,156677,
87029,de,156674,en
87041,en,156681,
87057,de,156684,
87074,en,156687,
87087,en,156689,
87102,de,156662,en
87121,de,156687,en
87124,en,156697,
87151,en,156701,
87165,en,156717,
87177,en,156734,
87190,en,156737,
87206,en,156740,
87243,en,156746,
87247,en,156748,
87266,en,156753,
87282,en,156756,
87284,de,156756,en
87287,de,156758,
87314,en,156761,
87320,en,156763,
87345,de,156761,en
87366,en,156768,
87378,en,156771,
87391,en,156773,
87394,de,156740,en
87401,en,156775,
87415,de,156781,
87427,de,156784,
87442,de,156786,
87456,en,156781,de
87458,en,156786,de
87460,en,156784,de
87483,en,156792,
87496,en,156794,
87500,en,156796,
87513,en,156799,
87515,en,156802,
87528,en,156805,
87551,en,156808,
87555,de,156805,en
87557,de,156802,en
87560,en,156812,
87573,en,156815,
87585,en,156819,
87607,en,156822,
87619,en,156824,
87633,de,156815,en
87635,de,156819,en
87637,de,156822,en
87639,de,156824,en
87654,en,156828,
87657,en,156830,
87659,de,156833,
87693,en,156837,
87798,en,156849,
87802,en,156851,
87809,en,156854,
87821,de,156856,
87864,en,156860,
87866,en,156863,
87891,en,156867,
87942,en,156873,
87955,en,156875,
87959,en,156878,
87975,en,156880,
87987,en,156884,
88000,en,156887,
88017,de,156880,en
88019,de,156884,en
88021,de,156887,en
88026,de,156878,en
88028,en,156889,
88030,de,156892,
88055,en,156895,
88069,en,156898,
88088,en,156900,
88176,en,156912,
88211,en,156917,
88213,en,156919,
88229,en,156922,
88241,en,156925,
88243,en,156927,
88245,de,156927,en
88255,de,156929,
88257,en,156932,
88269,de,156935,
88281,de,156938,
88293,de,156932,en
88296,en,156940,
88318,en,156945,
88332,en,156947,
88336,en,156949,
88375,en,156954,
88412,en,156959,
88473,en,156967,
88486,en,156970,
88535,en,156976,
88548,en,156978,
88554,en,156981,
88591,de,156986,
88595,en,156989,
88630,en,156993,
88668,en,156997,
88683,en,157000,
88698,de,157000,en
88700,en,157004,
88717,de,156970,en
88723,en,157007,
88757,en,157010,
88788,de,157014,en
88828,de,157020,
88904,en,157029,
88906,de,157029,en
88910,en,157032,
88922,en,157034,
88934,en,157038,
88946,de,157034,en
88948,de,157038,en
88774,en,157014,
89023,en,157047,
89035,en,157051,
89049,en,157054,
89062,de,157047,en
89064,de,157051,en
89066,de,157054,en
89069,en,157057,
89088,en,157060,
89121,en,157064,
89134,en,157068,
89147,en,157071,
89159,de,157071,en
89161,de,157064,en
89163,de,157068,en
89211,en,157080,
89224,en,157083,
89236,en,157086,
89169,en,157074,
89261,de,157080,en
89263,de,157083,en
89265,de,157086,en
89268,en,157090,
89280,en,157093,
89293,en,157096,
89328,en,157099,
89347,de,157099,en
89379,en,157106,
89401,en,157109,
89423,de,157109,en
89431,en,157113,
89466,en,157118,
89481,en,157121,
89493,en,157124,
89506,de,157124,en
89509,de,157121,en
89519,de,157127,
89531,de,157130,
89543,de,157133,
89555,de,157136,
89568,en,157139,
89580,en,157142,
89592,en,157145,
89605,en,157148,
89622,en,157151,
89649,de,157151,en
89706,en,157159,
89718,en,157161,
89730,en,157166,
89742,en,157170,
89754,en,157173,
89669,en,157156,
89766,de,157159,en
89768,de,157161,en
89770,de,157166,en
89773,de,157170,en
89775,de,157173,en
89777,de,157177,
89782,en,157179,
89794,en,157183,
89816,en,157186,
89818,en,157190,
89830,de,157179,en
89832,de,157183,en
89834,de,157186,en
89837,de,157190,en
89859,en,157194,
89874,de,157194,en
89908,de,157197,
89935,en,157202,
89947,en,157204,
89949,en,157207,
89965,de,157202,en
89967,de,157204,en
89969,de,157207,en
89978,en,157211,
89990,en,157214,
90002,en,157217,
90014,en,157220,
90027,de,157211,en
90029,de,157217,en
90031,de,157220,en
90033,de,157214,en
90061,en,157226,
90078,en,157229,
90090,de,157226,en
90095,de,157229,en
90179,en,157231,
90181,de,157233,
90185,de,157231,en
90188,en,157244,
90351,de,157244,en
90361,en,157249,
90373,de,157249,en
90388,en,157255,
90376,en,157252,
90468,en,157265,
90481,en,157268,
90494,en,157271,
90423,de,157260,
90545,de,157252,en
90562,en,157275,
90566,en,157278,
90578,de,157278,en
90582,de,157275,en
90585,de,157255,en
90623,en,157293,
90753,en,157301,
90766,en,157303,
90779,en,157307,
90729,en,157297,
90795,de,157309,
90843,en,157314,
90856,en,157317,
90896,en,157321,
90908,en,157325,
90921,en,157327,
90936,de,157325,en
90938,de,157321,en
90942,de,157327,en
90946,de,157317,en
90949,en,157332,
90961,en,157334,
90990,de,157337,
90999,de,157334,en
91006,de,157339,
91040,en,157345,
91052,en,157349,
91087,en,157353,
91201,en,157368,
91162,en,157363,
91238,en,157373,
91255,en,157376,
91269,de,157378,
91274,en,157381,
91346,en,157388,
91350,de,157373,en
91352,de,157376,en
91409,de,157394,en
91437,en,157399,
91450,en,157403,
91392,en,157394,
91496,en,157407,
91518,de,157399,en
91520,de,157403,en
91523,en,157410,
91530,en,157412,
91548,de,157412,en
91572,en,157418,
91586,en,157420,
91614,de,157424,
91621,de,157426,
91747,de,157434,
91867,de,157420,en
91880,de,157446,
91910,de,157450,
91912,en,157452,
91915,de,157452,en
91922,en,157454,
91937,de,157458,en
91951,de,157456,en
91955,en,157461,
91969,de,157461,en
91988,de,157464,
91925,en,157456,
92018,en,157469,
91927,en,157458,
92082,en,157476,
92094,en,157479,
92119,en,157483,
92131,en,157486,
92144,en,157488,
92164,de,157483,en
92166,de,157486,en
92168,de,157493,
92183,en,157497,
92217,de,157501,
92270,de,157510,
92282,de,157513,
92305,de,157516,
92314,de,157523,
92322,en,157526,
92344,en,157529,
92438,de,157535,
92442,de,157537,
92463,de,157543,
92521,en,157548,
92621,de,157558,
92624,en,157561,
92636,de,157561,en
92642,en,157563,
92644,de,157563,en
92663,de,157566,
92696,de,157548,en
92703,en,157572,
92776,de,157584,
92780,de,157586,
92773,de,157582,
92809,de,157590,
92798,de,157592,
92813,en,157596,
92825,en,157600,
92864,en,157603,
92867,en,157605,
92888,en,157615,
92962,de,157615,en
92986,en,157619,
93008,en,157622,
93021,de,157622,en
93027,en,157624,
93083,de,157630,
93115,de,157634,
93104,en,157636,
93137,en,157640,
93150,en,157643,
93172,en,157646,
93184,en,157650,
93199,de,157640,en
93201,de,157643,en
93203,de,157646,en
93205,de,157650,en
93213,de,157653,
93225,en,157655,
93227,de,157655,en
93237,de,157657,
93244,de,157660,
93257,en,157663,
93269,en,157667,
93347,en,157676,
93359,en,157680,
93371,en,157683,
93383,en,157687,
93406,de,157683,en
93408,de,157687,en
93420,de,157692,
93432,en,157694,
93434,de,157680,en
93436,de,157694,en
93438,en,157697,
93469,en,157701,
93482,de,157701,en
93485,de,157703,
93487,en,157707,
93530,de,157707,en
93553,en,157711,
93566,zh-hans,157650,en
93570,en,157716,
93593,de,157716,en
93589,en,157718,
93611,de,157718,en
93625,en,157722,
93637,de,157722,en
93651,en,157727,
93653,de,157727,en
93660,en,157731,
93723,de,157619,en
93711,de,157736,
93708,de,157731,en
93875,en,157753,
93879,de,157753,en
93877,en,157755,
93926,en,157761,
94010,de,157761,en
94024,en,157769,
94031,de,157769,en
94065,en,157772,
94067,de,157772,en
94074,en,157775,
93760,en,157741,
94150,de,157784,
94192,en,157788,
94284,en,157797,
94286,de,157797,en
94302,en,157801,
94314,en,157804,
94326,en,157806,
94352,de,157810,
94355,de,157813,
94378,de,157815,
94397,en,157819,
94429,en,157823,
94452,en,157828,
94466,en,157830,
94474,de,157830,en
94533,en,157838,
94535,de,157838,en
94537,de,157841,
94569,en,157845,
94604,de,157849,
94628,en,157852,
94631,de,157852,en
94644,en,157855,
94660,en,157858,
94683,en,157860,
94686,en,157862,
94690,de,157860,en
94700,de,157862,en
94709,en,157865,
94771,en,157873,
94774,en,157876,
94787,en,157878,
94791,en,157880,
94808,en,157883,
94822,de,157880,en
94846,en,157888,
94859,de,157888,en
95218,de,158237,
95232,de,158239,
95311,en,158251,
95323,de,158251,en
95348,en,158257,
95361,de,158260,
95377,de,158262,
95422,en,158269,
95453,en,158272,
95456,de,158272,en
95516,en,158280,
95632,en,158292,
95648,en,158295,
95663,de,158292,en
95681,de,158298,
95697,de,158302,
95709,de,158304,
95711,de,158306,
95723,en,158310,
95735,en,158313,
95747,en,158316,
95760,en,158318,
95819,de,158325,
95832,de,158327,
95936,en,158337,
95940,de,158337,en
96077,de,158359,
96174,en,158369,
96177,de,158369,en
96244,en,158377,
96258,de,158377,en
96314,de,158387,
96337,en,158392,
96288,en,158382,
96483,de,158400,
96513,en,158404,
96558,de,158409,
96576,de,158412,
96594,en,158415,
96659,de,158421,
96675,en,158425,
96693,en,158428,
96723,de,158428,en
96742,de,158434,
96765,en,158438,
96777,en,158441,
96800,de,158443,
96816,en,158447,
96828,de,158450,
96949,de,158462,
96964,en,158466,
96998,de,158471,
103929,en,159453,
97016,en,158474,
97032,en,158479,
97055,en,158482,
97114,en,158488,
97142,de,158488,en
97154,de,158482,en
97169,en,158496,
97208,en,158502,
97230,de,158504,
97249,de,158508,
97268,en,158511,
97285,en,158514,
97297,de,158516,
97307,en,158518,
97324,de,158514,en
97339,en,158523,
97354,de,158525,
97364,en,158528,
97390,en,158531,
97416,en,158534,
97428,en,158536,
97442,en,158540,
97456,de,158542,
97463,en,158545,
97475,en,158548,
97493,de,158551,
97539,en,158558,
97553,de,158545,en
97565,de,158540,en
97583,de,158561,
97592,en,158564,
97604,en,158567,
97616,en,158570,
97631,en,158573,
97644,en,158576,
97656,en,158578,
97668,de,158583,
97725,de,158587,
97729,en,158590,
97741,en,158593,
97753,en,158596,
97765,en,158599,
97779,en,158602,
97793,en,158605,
97805,en,158607,
97820,en,158611,
97858,en,158618,
97527,en,158556,
97879,de,158622,
97916,en,158629,
97988,de,158634,
97991,de,158636,
97994,de,158638,
97996,de,158640,
97978,de,158632,
98000,de,158618,en
98019,en,158643,
98021,de,158643,en
98066,de,158649,
98104,en,158652,
98136,de,158611,en
98140,en,158655,
98146,de,158655,en
98204,de,158659,en
98218,de,158665,
98222,en,158668,
98239,en,158671,
98252,en,158673,
98264,de,158673,en
98272,en,158677,
98161,en,158659,
98288,de,158679,
98294,en,158679,de
98310,en,158684,
98417,de,158684,en
98431,de,158694,
98440,en,158697,
98459,en,158699,
98473,de,158702,
98538,de,158699,en
98552,en,158714,
98590,de,158714,en
98587,de,158717,
98609,en,158719,
98611,de,158722,
98630,de,158724,
98644,en,158726,
98699,en,158738,
98700,de,158733,
98798,en,158745,
98822,de,158738,en
98859,en,158752,
98908,en,158757,
98987,de,158768,
98975,en,158765,
99031,en,158774,
99048,en,158777,
99063,en,158780,
99080,de,158782,
99083,en,158785,
99110,en,158795,
99129,en,158798,
99157,de,158801,
99166,en,158805,
99190,en,158807,
99216,de,158807,en
99221,de,158812,
99231,de,158814,
99240,en,158816,
99255,en,158820,
99268,de,158820,en
99279,en,158823,
99309,en,158826,
99314,de,158826,en
99320,de,158829,
99333,de,158831,
99366,en,158835,
99403,de,158845,
99411,en,158847,
99447,en,158852,
99454,de,158847,en
99463,de,158854,
99481,en,158857,
99487,de,158862,
99491,de,158864,
99503,en,158868,
99505,en,158871,
99528,de,158871,en
99553,de,158878,
99569,de,158880,en
99594,en,158885,
99618,en,158889,
99642,de,158892,
99671,de,158896,
99675,en,158898,
99680,en,158900,
99683,en,158903,
99695,de,158903,en
99697,de,158905,
99713,en,158908,
99717,en,158910,
99720,de,158912,
99730,en,158914,
99734,en,158916,
106112,en,159760,
99746,en,158921,
99759,en,158924,
99795,en,158929,
99814,de,158929,en
99816,de,158931,
99826,en,158931,de
99874,de,158936,
99902,de,158941,
99919,de,158943,
99942,en,158946,
99967,de,158952,
100007,en,158955,
100037,de,158959,
100043,en,158959,de
100045,de,158963,
100068,en,158965,
100116,en,158977,
100195,de,158980,
100200,en,158980,de
100206,de,158977,en
100211,de,158982,
100231,en,158982,de
100273,de,158987,
100287,en,158990,
100303,en,158995,
100304,de,158997,
100354,de,159001,
100374,de,159004,
100387,en,159004,de
100391,en,159001,de
100393,de,159007,
100417,en,159007,de
100437,de,159011,
100440,en,159011,de
100454,en,159015,
100489,de,159015,en
100499,de,159020,
100513,en,159020,de
100521,en,159025,
100534,de,159025,en
100540,en,159031,
100586,en,159037,
100612,de,159039,
100630,en,159039,de
100674,en,159045,
100700,de,159050,
100706,en,159050,de
100723,de,159053,
100735,de,159057,
100757,de,159045,en
100780,en,159062,
100797,de,159062,en
100811,en,159065,
100826,de,159065,en
100830,en,159067,
100922,de,159067,en
100932,de,159084,
100940,en,159084,de
100954,en,159087,
100969,en,159091,
100981,de,159087,en
100987,de,159091,en
100993,de,159093,
100999,en,159093,de
101017,en,159097,
101030,en,159099,
101044,de,159099,en
101055,en,159103,
101068,en,159106,
101091,de,159110,
101146,de,159114,
101152,en,159114,de
101172,en,159120,
101204,de,159120,en
101206,en,159123,
101221,en,159126,
101246,en,159128,
101293,de,159135,
101309,en,159135,de
101338,en,159140,
101353,de,159123,en
101359,en,159144,
101372,de,159144,en
101388,de,159148,
101412,en,159152,
101440,en,159156,
101453,de,159156,en
101473,de,159140,en
101482,en,159159,
101494,de,159159,en
101499,en,159163,
101513,de,159163,en
101521,en,159165,
101525,en,159167,
101552,en,159171,
101602,de,159171,en
101606,de,159165,en
101622,de,159167,en
101632,de,159177,
101647,en,159177,de
101663,en,159180,
101669,de,159180,en
101671,en,159182,
101673,de,159182,en
101678,de,159126,en
101700,de,159186,
101728,en,159186,de
101842,en,159204,
101887,en,159207,
101802,en,159197,
101891,de,159207,en
101944,en,159214,
101956,de,159214,en
101958,de,159218,
101984,de,159220,
102003,en,159220,de
102019,en,159218,de
102036,en,159226,
102074,en,159230,
102092,de,159230,en
102103,en,159232,
102106,de,159232,en
102110,de,159234,
102127,en,159234,de
102150,en,159241,
102178,de,159241,en
102188,en,159243,
102244,de,159251,
102257,en,159251,de
102275,en,159255,
102287,de,159255,en
102303,de,159259,
102318,en,159259,de
102333,en,159263,
102350,de,159263,en
102359,en,159266,
102371,de,159266,en
102398,de,159272,
102415,en,159272,de
102380,en,159269,
102437,en,159278,
102450,en,159280,
102465,de,159280,en
102480,en,159283,
102482,de,159286,
102513,en,159289,
102547,en,159293,
102552,de,159293,en
102554,en,159296,
102592,de,159296,en
102595,de,159301,
102637,en,159305,
102650,de,159269,en
102663,en,159309,
102681,de,159309,en
102691,de,159311,
102712,en,159311,de
102742,en,159315,
102761,en,159318,
102777,de,159315,en
102784,de,159318,en
102876,en,159325,
102910,en,159329,
102931,de,159325,en
102936,de,159329,en
102971,en,159333,
102988,de,159333,en
103000,de,159337,
103018,en,159337,de
103065,en,159343,
103084,de,159343,en
103104,de,159347,
103119,en,159347,de
103140,en,159351,
103152,de,159351,en
103196,en,159357,
103223,de,159357,en
103250,en,159364,
103266,de,159364,en
103276,de,159366,
103298,en,159366,de
103322,en,159373,
103346,en,159375,
103352,de,159375,en
103363,de,159373,en
103410,en,159379,de
103386,de,159379,
103470,en,159386,
103472,de,159386,en
103476,de,159389,
103492,en,159389,de
103511,en,159393,
103547,de,159393,en
103568,de,159397,
103574,en,159401,
103589,en,159404,
103593,de,159407,
103612,en,159407,de
103625,en,159411,
103637,de,159411,en
103641,en,159413,
103650,de,159413,en
103657,en,159416,
103670,de,159416,en
103672,en,159419,
103687,de,159419,en
103706,en,159423,
103718,de,159423,en
103721,en,159425,
103723,en,159427,
103728,de,159427,en
103744,en,159431,
103768,de,159431,en
103773,en,159435,
103788,de,159435,en
103803,de,159438,
103818,en,159441,
103843,de,159441,en
103854,en,159444,
103873,de,159449,
103907,en,159449,de
103942,de,159456,
103950,en,159458,
103952,de,159458,en
103961,en,159461,
103976,de,159461,en
104028,de,159469,
104015,en,159467,
104037,en,159471,
104042,de,159471,en
104052,en,159474,
104064,de,159477,
104080,en,159477,de
104096,en,159480,
104149,de,159487,
104157,de,159489,
104176,en,159493,
104189,de,159493,en
104200,de,159495,en
104198,en,159495,
104281,en,159503,
104298,de,159474,en
104310,de,159503,en
104316,en,159509,
104359,de,159514,
104388,en,159514,de
104424,de,159520,
104443,en,159523,
104455,de,159523,en
104480,de,159527,
104497,en,159531,
104509,de,159531,en
104515,de,159509,en
104519,de,159534,
104532,en,159534,de
104557,de,159538,
104575,de,159542,
104675,en,159552,
104704,en,159555,
104718,de,159560,
104741,de,159563,
104758,en,159563,de
104787,de,159567,
104823,de,159572,
104830,en,159576,
104855,en,159579,
104868,en,159581,
104886,de,159581,en
104906,de,159585,
104931,en,159589,
104946,de,159589,en
104959,en,159593,
104971,en,159595,
104987,de,159595,en
105014,de,159600,
105041,de,159555,en
105049,en,159604,
105056,de,159604,en
105075,en,159607,
105077,de,159607,en
105091,en,159611,
105103,en,159613,
105106,de,159613,en
105108,de,159579,en
105118,de,159616,
105145,en,159616,de
105168,de,159620,
105196,en,159624,
105198,de,159624,en
105202,en,159626,
105215,de,159626,en
105267,de,159634,
105295,en,159638,
105317,de,159642,
105322,en,159644,
105324,de,159644,en
105331,de,159646,
105333,de,159649,
105345,de,159652,
105359,en,159655,
105371,de,159655,en
105388,de,159658,
105401,en,159661,
105403,de,159661,en
105415,de,159663,
105427,en,159669,
105462,de,159669,en
105479,en,159675,
105561,de,159675,en
105571,en,159681,
105588,de,159681,en
105620,de,159714,
105645,en,159717,
105658,de,159717,en
105671,en,159719,
105700,de,159719,en
105713,en,159724,
105991,en,159745,
106006,de,159745,en
106026,de,159750,
106042,en,159753,
106056,en,159754,
106058,de,159754,en
106099,en,159757,
106077,de,159756,
106095,de,159753,en
106125,en,159762,
106141,de,159762,en
106147,de,159765,
106176,en,159765,de
106198,en,159768,
106200,de,159768,en
106202,en,159770,
106215,en,159772,
106227,de,159772,en
106232,de,159773,
106245,en,159773,de
106257,en,159777,
106269,de,159777,en
106275,de,159778,
106300,en,159783,
106322,de,159783,en
106330,zh-hans,159777,en
106353,en,159786,
106366,de,159786,en
106382,de,159789,
106396,en,159789,de
106410,de,159795,
106468,de,159798,
106486,en,159801,
106509,de,159801,en
106525,de,159804,
106538,en,159804,de
106552,de,159806,
106557,en,159808,
106577,de,159808,en
106595,en,159811,
106607,de,159811,en
106623,de,159813,
106642,en,159816,
106654,de,159816,en
106672,de,159819,
106701,en,159819,de
106722,de,159822,
106727,en,159823,
106734,en,159825,
106749,de,159825,en
106771,de,159827,
106787,en,159827,de
106829,de,159833,
106838,en,159835,
106855,de,159835,en
106876,de,159837,
106905,en,159837,de
106922,de,159842,
106951,en,159844,
106954,de,159844,en
106969,de,159847,
106995,en,159847,de
106998,en,159849,
107012,de,159849,en
107040,de,159854,
107057,en,159854,de
107081,en,159858,
107093,de,159858,en
107105,de,159861,
107127,en,159863,
107183,de,159863,en
107190,de,159869,
107213,de,159871,
107226,en,159871,de
107240,en,159875,
107252,de,159876,
107277,en,159880,
107317,en,159884,
107329,de,159884,en
107345,en,159887,
107358,de,159887,en
107360,de,159889,
107386,en,159889,de
107440,de,159897,
107555,en,159908,
107558,de,159910,
107576,en,159910,de
107592,en,159913,
107646,de,159918,
107663,en,159918,de
107810,en,159933,
107824,de,159935,
107953,de,159945,
108058,de,159952,
108090,en,159952,de
108206,de,159960,
108264,de,159964,
108282,de,159965,
108284,en,159964,de
108301,en,159968,
108320,en,159969,
108341,de,159971,
108359,en,159971,de
108368,de,159973,
108394,en,159975,
108409,de,159975,en
108431,en,159978,
108443,de,159978,en
108466,de,159980,
108479,en,159980,de
108496,de,159983,
108516,en,159992,
108598,en,159993,
108612,en,159996,
108625,de,159996,en
108645,en,159998,
108647,de,159998,en
108651,en,159999,
108663,de,159999,en
108687,de,160007,
108705,en,160009,
108752,de,160009,en
108807,de,160018,
108876,de,160023,
108891,en,160018,de
108925,de,160026,
108914,de,160027,
108941,en,160027,de
108956,de,160030,
108975,en,160033,
109012,de,160035,
109024,en,160037,
109047,en,160038,
109052,en,160039,
109054,de,160039,en
109058,de,160041,
109077,en,160041,de
109105,en,160045,
109122,de,160037,en
109131,de,160046,
109149,de,160045,en
109163,en,160049,
109179,de,160049,en
109197,en,160053,
109220,en,160056,
109232,de,160056,en
109234,de,160057,
109257,en,160057,de
109279,de,160060,
109296,de,160062,
109325,en,160066,
109338,de,160066,en
109312,de,159880,en
109374,de,160069,
109406,en,160069,de
109457,de,160074,
109494,de,160075,
109548,de,160080,
109565,en,160080,de
109607,en,160082,
109661,en,160087,
109684,de,160087,en
109716,de,160092,
109739,de,160095,
109759,de,160097,
109811,en,160102,
109823,de,160102,en
109843,en,160105,
109931,de,160105,en
109959,de,160117,
109973,de,160119,
109990,en,160119,de
110004,de,160082,en
110143,de,160135,
110158,en,160135,de
110173,en,160138,
110186,de,160138,en
110235,de,160144,
110232,de,160143,
110261,de,160147,
110509,en,160154,de
110274,en,160150,
110319,zh-hans,160150,en
110324,de,160154,
110366,de,160158,
110337,de,160150,en
110382,de,160160,
110409,en,160160,de
110440,de,160164,
110485,en,160169,
110526,de,160169,en
110551,en,160173,
110602,de,160173,en
110618,de,160179,
110633,en,160181,
110650,de,160181,en
110671,en,160185,
110683,de,160186,
110698,en,160186,de
110722,de,160190,
110737,en,160192,
110752,de,160192,en
110771,de,160185,en
110870,en,160203,
110907,de,160208,
110950,de,160212,
111026,en,160219,
111043,de,160219,en
111065,en,160223,
111082,de,160223,en
111133,de,160226,
111149,en,160228,
111162,de,160228,en
111183,de,160231,
111200,en,160231,de
111265,de,160240,
111278,en,160241,
111293,en,160243,
111307,de,160243,en
111328,de,160241,en
111341,de,160247,
111353,de,160250,
111368,de,160251,
111381,de,160253,
111399,en,160256,
111433,de,160261,
111437,en,160262,
111476,en,160267,
111501,de,160267,en
111516,en,160270,
111543,de,160270,en
111550,en,160273,
111564,de,160273,en
111590,de,160277,
111604,de,160279,
111638,de,160282,
111665,en,160282,de
111696,de,160287,
111714,en,160289,
111738,en,160291,
111750,de,160291,en
111764,de,160294,
111788,de,160297,
111806,en,160297,de
111826,de,160289,en
111833,de,160301,
111847,en,160303,
111862,de,160303,en
111895,de,160307,
111910,en,160307,de
111922,de,160310,
111943,de,160313,
111967,de,160316,
112063,en,160328,
112077,de,160330,
112092,en,160330,de
112108,de,160328,en
112134,de,160335,
112161,en,160339,
112178,de,160339,en
112201,de,160341,
112213,en,160341,de
112225,de,160344,
112259,de,160348,
112278,de,160350,
112294,en,160352,
112306,de,160352,en
112323,de,160356,
112322,de,160355,
112348,en,160355,de
112372,en,160356,de
112374,en,160361,
112386,de,160361,en
112398,de,160364,
112412,en,160367,
112431,en,160368,
112446,de,160368,en
112458,de,160371,
112476,en,160373,
112489,de,160373,en
112508,en,160376,
112523,de,160378,
112547,en,160381,
112559,en,160383,
112576,de,160383,en
112591,en,160387,
112603,de,160387,en
112615,de,160389,
112627,de,160391,
112652,en,160395,
112667,de,160395,en
112683,de,160398,
112701,en,160398,de
112798,de,160409,
112810,de,160412,
112824,en,160413,
112836,de,160413,en
112851,de,160416,
112863,en,160416,de
112887,en,160420,
112935,de,160420,en
112938,en,160426,
112952,en,160412,de
112977,en,160429,
112989,de,160429,en
113004,en,160431,de
112991,de,160431,
113030,de,160434,
113055,de,160437,
113076,de,160438,
113090,de,160440,
113103,de,160442,
113116,en,160437,de
113128,en,160442,de
113141,en,160438,de
113166,de,160448,
113192,en,160451,
113210,de,160451,en
113227,en,160454,
113239,de,160454,en
113252,de,160457,
113278,de,160460,
113296,en,160460,de
113313,de,160464,
113325,de,160466,
113337,en,160466,de
113340,en,160467,
113368,de,160467,en
113378,en,160470,
113392,de,160472,
113414,de,160474,
113429,de,160477,
113447,en,160477,de
113465,en,160474,de
113484,en,160480,
113497,de,160480,en
113524,de,160483,
113585,en,160495,
113600,de,160495,en
113617,en,160498,
113632,de,160498,en
113649,en,160500,
113663,de,160502,
113694,en,160505,
113713,en,160507,
113728,en,160510,
113741,de,160510,en
113756,de,160512,
113821,de,160518,
113835,en,160520,
113847,de,160520,en
113859,de,160523,
113871,en,160523,de
113883,de,160526,
113900,en,160528,
113913,de,160528,en
113930,en,160533,
113942,de,160533,en
113956,en,160535,
113980,de,160535,en
113994,de,160539,
114036,en,160543,
114083,en,160549,
114088,en,160550,
114102,de,160550,en
114120,de,160554,
114135,en,160555,
114154,de,160555,en
114176,de,160560,
114191,en,160562,
114206,de,160562,en
114222,en,160565,
114235,de,160567,
114250,en,160567,de
114265,de,160570,
114281,en,160572,
114294,de,160572,en
114310,en,160575,
114323,de,160575,en
114328,de,160578,
114344,en,160578,de
114370,de,160582,
114384,en,160584,
114397,de,160584,en
114453,de,160591,
114472,en,160591,de
114486,de,160594,
114514,en,160597,
114529,de,160597,en
114546,de,160600,
114678,en,160616,
114692,de,160616,en
114707,de,160619,
114726,de,160621,
114754,en,160619,de
114801,en,160627,
114826,de,160627,en
114842,en,160630,de
114813,de,160630,
114861,de,160633,
114891,en,160636,
114904,de,160636,en
114919,de,160639,
114935,en,160639,de
114948,en,160643,
114962,de,160643,en
114979,de,160645,
115003,en,160648,
115015,de,160648,en
115029,en,160650,
115044,de,160650,en
115076,en,160653,
115088,de,160653,en
115110,de,160656,
115152,de,160659,
115165,de,160661,
115178,en,160663,
115190,en,160666,
115202,de,160666,en
115215,en,160669,
115228,de,160669,en
115264,de,160673,
115283,en,160675,
115296,en,160678,
115308,en,160681,
115321,en,160682,
115336,en,160685,
115334,en,160684,
115400,de,160684,en
115405,de,160682,en
115408,de,160681,en
115423,en,160689,de
115410,de,160689,
115482,en,160694,
115495,de,160694,en
115530,de,160700,
115548,en,160702,
115560,de,160702,en
115574,en,160705,
115586,de,160705,en
115622,de,160710,
115644,en,160712,
115659,de,160712,en
115702,en,160718,
115714,de,160718,en
115730,en,160722,
115755,de,160722,en
115773,de,160725,
115802,de,160731,
115853,en,160731,de
115882,de,160739,
115917,en,160741,
115929,de,160741,en
115942,de,160743,
115954,en,160743,de
115974,de,160746,
116023,de,160752,
116036,en,160753,
116054,de,160755,
116072,en,160757,
116087,de,160757,en
116104,de,160760,
116137,de,160766,
116165,en,160767,
116171,de,160767,en
116209,en,160773,
116245,de,160777,
116259,en,160777,de
116298,en,160783,
116314,de,160786,
116316,de,160787,
116331,de,160789,
116343,en,160791,
116358,en,160793,
116370,de,160793,en
116386,en,160796,
116400,de,160796,en
116466,de,160804,
116471,en,160805,
116483,de,160805,en
116497,en,160808,
116511,en,160810,
116524,de,160810,en
116554,de,160808,en
116582,en,160816,
116635,de,160816,en
116652,en,160821,de
116659,de,160824,
116693,en,160826,
116708,de,160826,en
116725,en,160829,
116741,de,160829,en
116757,de,160832,
116781,en,160760,de
116800,de,160836,
116828,en,160836,de
116848,de,160839,
116867,de,160842,
116891,en,160842,de
116906,en,160845,
116924,en,160847,
116940,de,160847,en
116981,en,160854,
116989,en,160852,de
116999,de,160855,
117039,de,160859,
117057,en,160859,de
117070,de,160862,
117082,en,160864,
117095,de,160866,
117110,en,160866,de
117124,de,160869,
117139,de,160871,
117154,en,160871,de
117204,de,160877,
117218,en,160877,de
117230,en,160880,
119519,de,160880,en
118272,en,161321,
119530,de,161321,en
119541,de,161322,
119253,en,161323,
119552,de,161323,en
119254,en,161324,
119563,de,161324,en
119574,de,161325,
119256,en,161326,
119585,de,161326,en
119257,en,161327,
119596,de,161327,en
119607,de,161328,
119258,en,161329,
119618,de,161329,en
119259,en,161330,
119629,de,161330,en
119640,de,161331,
119260,en,161332,
119651,de,161332,en
119662,de,161333,en
119261,en,161333,
119262,en,161335,
119673,de,161334,
119684,de,161335,en
119695,de,161336,en
119264,en,161336,
119706,de,161337,en
119717,de,161338,
119728,de,161339,en
119266,en,161340,
119739,de,161340,en
119267,en,161339,
119268,en,161337,
119269,en,161341,
119750,de,161341,en
119761,de,161342,
119772,de,161343,
119783,de,161344,
119270,en,161345,
119794,de,161345,en
119805,de,161346,en
119271,en,161346,
119816,de,161347,
119827,de,161348,
119272,en,161349,
119838,de,161349,en
119849,de,161350,
119274,en,161351,
119860,de,161351,en
119275,en,161352,
119871,de,161352,en
119882,de,161353,
